product,subset,role,record,record_scenes,n,rmse_m,slope,intercept,r,bias_m
no delay,all,reproduced (published),scored 97-scene 2023-2025 record (cloud-filtered usable dates of notebook cell 23; EOT20 at aoi.centroid),97,194,0.19113680071360992,0.6917913984461808,0.01027319200472885,0.8640192669009193,-52.82566851007938
MAREA,all,reproduced (published),scored 97-scene 2023-2025 record (cloud-filtered usable dates of notebook cell 23; EOT20 at aoi.centroid),97,194,0.19289187071299488,0.7160115579619707,0.005810225853879475,0.8578840052052307,-52.82216851007938
Granadeiro,all,reproduced (published),"own 98-scene 2023-2025 record (sota_granadeiro 'scene' rule: scene cloud <= 10 %, nodata <= 2 %, overpass time; Eq. 1 cosine heights from EOT20 at the bbox centre)",98,163,0.274881684883307,0.38603345999134886,0.0026500261326561775,0.633184206023947,-53.27758519697189
"NIDEM, Sentinel-2 scene rule",all,"VARIANT (Sentinel-2 scene rule): filtered, on keep","VARIANT (Sentinel-2 scene rule): the all 465 2023-2025 cube scenes with an overpass time and a finite level (ITEM all-observations rule; EOT20 at aoi.centroid) minus 301 scene(s) with a full-frame load_ard good fraction < 0.5 -> 164 scenes, same levels; load_ard pixel mask",164,193,0.22945916773814712,0.8306095071043148,-0.12618037216554706,0.8545605113609752,-52.84639295959472
"NIDEM unfiltered, Sentinel-2 scene rule",all,"VARIANT (Sentinel-2 scene rule) supplementary: unfiltered, on keep","VARIANT (Sentinel-2 scene rule): the all 465 2023-2025 cube scenes with an overpass time and a finite level (ITEM all-observations rule; EOT20 at aoi.centroid) minus 301 scene(s) with a full-frame load_ard good fraction < 0.5 -> 164 scenes, same levels; load_ard pixel mask",164,193,0.22945916773814712,0.8306095071043148,-0.12618037216554706,0.8545605113609752,-52.84639295959472
"NIDEM bounded-conf, Sentinel-2 scene rule",all,"VARIANT (Sentinel-2 scene rule) supplementary (review R1): filtered with conf on NDWI clipped to [-1, 1], on keep","VARIANT (Sentinel-2 scene rule): the all 465 2023-2025 cube scenes with an overpass time and a finite level (ITEM all-observations rule; EOT20 at aoi.centroid) minus 301 scene(s) with a full-frame load_ard good fraction < 0.5 -> 164 scenes, same levels; load_ard pixel mask",164,193,0.22945916773814712,0.8306095071043148,-0.12618037216554706,0.8545605113609752,-52.84639295959472
"NIDEM full frame, Sentinel-2 scene rule",all,"VARIANT (Sentinel-2 scene rule) supplementary: filtered, full frame","VARIANT (Sentinel-2 scene rule): the all 465 2023-2025 cube scenes with an overpass time and a finite level (ITEM all-observations rule; EOT20 at aoi.centroid) minus 301 scene(s) with a full-frame load_ard good fraction < 0.5 -> 164 scenes, same levels; load_ard pixel mask",164,193,0.22945916773814712,0.8306095071043148,-0.12618037216554706,0.8545605113609752,-52.84639295959472
"NIDEM unfiltered full frame, Sentinel-2 scene rule",all,"VARIANT (Sentinel-2 scene rule) supplementary: unfiltered, full frame","VARIANT (Sentinel-2 scene rule): the all 465 2023-2025 cube scenes with an overpass time and a finite level (ITEM all-observations rule; EOT20 at aoi.centroid) minus 301 scene(s) with a full-frame load_ard good fraction < 0.5 -> 164 scenes, same levels; load_ard pixel mask",164,193,0.22945916773814712,0.8306095071043148,-0.12618037216554706,0.8545605113609752,-52.84639295959472
no delay,"common4 (no delay & MAREA & Granadeiro & NIDEM, Sentinel-2 scene rule)",common subset,scored 97-scene 2023-2025 record (cloud-filtered usable dates of notebook cell 23; EOT20 at aoi.centroid),97,163,0.17497304197961433,0.6948758473136648,-0.021109542652326424,0.8715722710497399,-52.82626008224487
MAREA,"common4 (no delay & MAREA & Granadeiro & NIDEM, Sentinel-2 scene rule)",common subset,scored 97-scene 2023-2025 record (cloud-filtered usable dates of notebook cell 23; EOT20 at aoi.centroid),97,163,0.17435175706450776,0.7267598823880582,-0.025832259236542674,0.8707133108461422,-52.825804652690884
Granadeiro,"common4 (no delay & MAREA & Granadeiro & NIDEM, Sentinel-2 scene rule)",common subset,"own 98-scene 2023-2025 record (sota_granadeiro 'scene' rule: scene cloud <= 10 %, nodata <= 2 %, overpass time; Eq. 1 cosine heights from EOT20 at the bbox centre)",98,163,0.274881684883307,0.38603345999134886,0.0026500261326561775,0.633184206023947,-53.27758519697189
"NIDEM, Sentinel-2 scene rule","common4 (no delay & MAREA & Granadeiro & NIDEM, Sentinel-2 scene rule)",common subset,"VARIANT (Sentinel-2 scene rule): the all 465 2023-2025 cube scenes with an overpass time and a finite level (ITEM all-observations rule; EOT20 at aoi.centroid) minus 301 scene(s) with a full-frame load_ard good fraction < 0.5 -> 164 scenes, same levels; load_ard pixel mask",164,163,0.2267569056954845,0.8266702131656529,-0.11992952749386562,0.8408707188524757,-52.85139558410645
"NIDEM, Sentinel-2 scene rule","pair (NIDEM, Sentinel-2 scene rule & MAREA)",pairwise subset,"VARIANT (Sentinel-2 scene rule): the all 465 2023-2025 cube scenes with an overpass time and a finite level (ITEM all-observations rule; EOT20 at aoi.centroid) minus 301 scene(s) with a full-frame load_ard good fraction < 0.5 -> 164 scenes, same levels; load_ard pixel mask",164,193,0.22945916773814712,0.8306095071043148,-0.12618037216554706,0.8545605113609752,-52.84639295959472
MAREA,"pair (NIDEM, Sentinel-2 scene rule & MAREA)",pairwise subset,scored 97-scene 2023-2025 record (cloud-filtered usable dates of notebook cell 23; EOT20 at aoi.centroid),97,193,0.19314461698083427,0.7138060019606527,0.003537198702092078,0.8568293056818009,-52.82253236746788
"NIDEM, Sentinel-2 scene rule","pair (NIDEM, Sentinel-2 scene rule & no delay)",pairwise subset,"VARIANT (Sentinel-2 scene rule): the all 465 2023-2025 cube scenes with an overpass time and a finite level (ITEM all-observations rule; EOT20 at aoi.centroid) minus 301 scene(s) with a full-frame load_ard good fraction < 0.5 -> 164 scenes, same levels; load_ard pixel mask",164,193,0.22945916773814712,0.8306095071043148,-0.12618037216554706,0.8545605113609752,-52.84639295959472
no delay,"pair (NIDEM, Sentinel-2 scene rule & no delay)",pairwise subset,scored 97-scene 2023-2025 record (cloud-filtered usable dates of notebook cell 23; EOT20 at aoi.centroid),97,193,0.19132314418064592,0.6906090270920998,0.00843875732283377,0.8630187971947577,-52.82553236746788
