cell,status,intertidal_px,px_with_elevation,scenes,interior_tide_adopted,max_lag_min,band_lags_min,hypsometric_integral,intertidal_area_km2
nc2_cell000,ok,26200,20711,245,True,21.8,+0 -20 +0 -22 -21 +0,0.552,2.07
nc2_cell001,ok,34666,18968,245,True,45.0,+0 -36 -32 -36 -45 -19,0.524,1.9
nc2_cell002,ok,11771,9004,245,False,0.0,+0 +0 +0 +0 +0 +0,0.514,0.9
nc2_cell003,ok,35499,19411,245,True,45.0,+0 -45 -45 -45 -34 -17,0.529,1.94
nc2_cell004,ok,34410,19352,245,True,45.0,+0 -40 -45 -45 -41 -37,0.545,1.94
nc2_cell005,ok,28276,23168,245,True,11.4,+0 -11 +0 +0 +0 +0,0.469,2.32
nc2_cell006,ok,13137,7045,245,True,45.0,+0 -45 +25 -45 +0 +12,0.554,0.7
nc2_cell007,ok,42633,34188,245,False,0.0,+0 +0 +0 +0 +0 +0,0.485,3.42
nc2_cell008,ok,36955,16865,245,True,45.0,+0 -45 -45 -45 -45 -45,0.611,1.69
nc2_cell009,ok,19159,14369,245,True,45.0,+0 -45 +0 +0 +0 +35,0.469,1.44
nc2_cell010,ok,45257,34884,245,True,45.0,+0 -45 -33 -12 +0 +0,0.589,3.49
nc2_cell011,ok,18885,15541,245,True,11.2,+0 +0 +0 +0 +0 -11,0.48,1.55
nc2_cell012,ok,35648,25784,245,True,11.9,+0 -12 +0 +0 +0 +0,0.657,2.58
nc2_cell013,ok,48043,35743,245,True,113.1,+0 +0 +13 +100 +113 +28,0.571,3.57
nc2_cell014,ok,23892,20983,245,True,14.5,+0 -11 -14 -11 -14 -11,0.705,2.1
nc2_cell015,ok,53847,42729,245,True,21.5,+0 -19 -22 -18 -20 +0,0.646,4.27
nc2_cell016,ok,41765,35903,245,True,67.0,+0 +23 +13 +24 +36 +67,0.516,3.59
nc2_cell017,ok,39646,25088,245,True,62.2,+0 +21 +48 +62 +23 +11,0.474,2.51
nc2_cell018,ok,38762,30824,245,False,0.0,+0 +0 +0 +0 +0 +0,0.541,3.08
nc2_cell019,ok,24939,22029,245,True,84.6,+0 +24 +25 +34 +35 +85,0.522,2.2
nc2_cell020,ok,53383,38328,245,False,0.0,+0 +0 +0 +0 +0 +0,0.562,3.83
nc2_cell021,ok,26551,19643,245,False,0.0,+0 +0 +0 +0 +0 +0,0.479,1.96
nc2_cell022,ok,23649,16409,245,True,26.3,+0 +0 +12 +26 +13 +0,0.477,1.64
nc2_cell023,ok,9926,8513,245,False,0.0,+0 +0 +0 +0 +0 +0,0.392,0.85
nc2_cell024,ok,28624,16340,460,True,38.1,+0 -38 +0 +0 +0 +13,0.496,1.63
nc2_cell025,ok,28563,11110,461,True,80.8,+0 +81 +25 +0 +23 +0,0.488,1.11
nc2_cell026,ok,60196,23118,461,True,12.7,+0 +12 +0 +13 +0 +0,0.444,2.31
nc2_cell027,ok,31029,14634,461,False,0.0,+0 +0 +0 +0 +0 +0,0.45,1.46
nc2_cell028,ok,23739,16809,461,False,0.0,+0 +0 +0 +0 +0 +0,0.42,1.68
nc2_cell029,ok,41632,17211,461,True,45.0,+0 -14 -20 -36 -45 -45,0.455,1.72
nc2_cell030,ok,23673,10812,461,True,10.8,+0 +0 +0 +11 +0 +0,0.437,1.08
nc2_cell031,ok,24554,14034,461,True,12.5,+0 +0 -12 +0 +0 +0,0.472,1.4
nc2_cell032,ok,42529,20388,461,True,45.0,+0 -13 -13 -36 -45 -45,0.454,2.04
nc2_cell033,ok,46988,15583,461,True,45.0,+0 +27 +38 +0 -45 -20,0.394,1.56
nc2_cell034,ok,51168,29081,461,True,35.6,+0 +0 -11 -36 +0 -10,0.423,2.91
nc2_cell035,ok,20258,16133,461,False,0.0,+0 +0 +0 +0 +0 +0,0.468,1.61
nc2_cell036,ok,60108,35092,461,True,20.5,+0 -20 +0 +0 +0 +0,0.388,3.51
nc2_cell037,ok,32733,29212,461,True,18.8,+0 -13 +0 +0 +0 +19,0.458,2.92
nc2_cell038,ok,16016,13543,461,True,11.5,+0 +0 +0 +0 -12 +0,0.479,1.35
nc2_cell039,ok,50321,16501,461,True,43.6,+0 +44 +37 +37 +12 +0,0.405,1.65
nc2_cell040,ok,48487,32208,461,True,10.0,+0 -10 +0 +0 +0 +0,0.416,3.22
nc2_cell041,ok,13572,9320,461,True,11.5,+0 +0 +0 +0 +11 +10,0.58,0.93
nc2_cell042,ok,77571,28875,461,True,111.9,+0 +0 +112 +98 +0 +0,0.505,2.89
nc2_cell043,ok,57855,25142,461,True,45.0,+0 -45 -41 +0 +0 +0,0.513,2.51
nc2_cell044,ok,75106,22241,461,True,45.0,+0 +0 -45 -38 -45 -45,0.516,2.22
nc2_cell045,ok,42425,9984,461,True,113.6,+0 +114 +105 +101 +51 +51,0.429,1.0
nc2_cell046,ok,49180,36715,461,True,23.5,+0 +23 +20 +21 +23 +17,0.551,3.67
nc2_cell047,ok,69486,61737,461,True,24.4,+0 +18 +21 +20 +24 +24,0.581,6.17
nc2_cell048,ok,72307,58134,461,True,23.4,+0 +17 +19 +23 +0 +20,0.522,5.81
nc2_cell049,ok,16727,11080,461,False,0.0,+0 +0 +0 +0 +0 +0,0.409,1.11
nc2_cell050,ok,34952,20281,461,True,24.6,+0 +0 +0 +11 +23 +25,0.494,2.03
nc2_cell051,ok,22304,6852,461,True,45.0,+0 -21 -45 -12 -40 -45,0.494,0.69
nc2_cell052,ok,47106,16690,461,True,96.8,+0 +0 +80 +0 +97 +0,0.46,1.67
nc2_cell053,ok,35913,15487,461,True,10.6,+0 +11 +0 -11 +0 +0,0.56,1.55
nc2_cell054,ok,33527,9600,461,True,27.3,+0 +23 +11 +27 +0 +0,0.469,0.96
nc2_cell055,ok,43303,15793,461,True,35.1,+0 +35 +0 +0 +35 +0,0.464,1.58
nc2_cell056,ok,23342,15197,461,False,0.0,+0 +0 +0 +0 +0 +0,0.394,1.52
nc2_cell057,ok,39887,34003,461,True,20.7,+0 +0 +14 +17 +18 +21,0.59,3.4
nc2_cell058,ok,37813,34746,461,True,24.8,+0 +0 +0 +17 +20 +25,0.571,3.47
nc2_cell059,ok,26541,18440,310,False,0.0,+0 +0 +0 +0 +0 +0,0.389,1.84
nc2_cell060,ok,52376,40648,245,True,19.4,+0 +0 +0 +14 +0 +19,0.519,4.06
nc2_cell061,ok,55916,45992,245,True,11.4,+0 +11 +0 +0 +0 +0,0.519,4.6
nc2_cell062,ok,23381,16071,245,False,0.0,+0 +0 +0 +0 +0 +0,0.418,1.61
nc2_cell063,ok,30165,21080,245,False,0.0,+0 +0 +0 +0 +0 +0,0.435,2.11
nc2_cell064,ok,25042,14370,245,True,13.7,+0 -11 -11 +0 +14 +11,0.478,1.44
nc2_cell065,ok,80379,35528,245,True,42.9,+0 -38 -43 +0 +0 +0,0.484,3.55
nc2_cell066,ok,66768,26983,245,True,82.3,+0 -45 +66 +82 +74 -11,0.495,2.7
nc2_cell067,ok,80896,34083,245,True,84.9,+0 +85 +17 +0 +42 +0,0.542,3.41
nc2_cell068,ok,22038,14179,245,True,13.5,+0 -14 -11 +0 +0 -12,0.437,1.42
nc2_cell069,ok,30942,19596,245,True,21.7,+0 -22 -12 +0 +0 -11,0.451,1.96
nc2_cell070,ok,31152,17449,245,True,45.0,+0 +0 +0 +0 +0 -45,0.49,1.74
nc2_cell071,ok,33339,16270,465,True,13.2,+0 +12 +0 +0 -13 -11,0.486,1.63
nc2_cell072,ok,35460,16409,465,True,17.3,+0 +0 +0 +0 -17 -17,0.48,1.64
nc2_cell073,ok,32113,18050,465,True,42.4,+0 -42 -22 -22 -35 -21,0.472,1.81
nc2_cell074,ok,23047,15515,465,True,44.7,+0 -45 -44 -24 -25 -20,0.441,1.55
nc2_cell075,ok,18720,10207,465,True,12.2,+0 +0 +0 +0 +0 -12,0.445,1.02
nc2_cell076,ok,36231,16727,465,True,118.0,+0 +0 +95 +118 +0 +0,0.437,1.67
nc2_cell077,ok,44583,14449,465,True,13.6,+0 +11 +12 +14 +11 +0,0.465,1.44
nc2_cell078,ok,46195,14853,465,True,11.2,+0 +0 +0 +0 +0 +11,0.462,1.49
nc2_cell079,sin_intermareal,1182,,,,,,,
nc2_cell080,ok,37676,32738,465,True,13.7,+0 +0 +0 +0 +0 +14,0.603,3.27
nc2_cell081,ok,31448,12789,465,True,31.8,+0 +0 +0 -32 -22 +0,0.479,1.28
nc2_cell082,ok,29943,18051,465,False,0.0,+0 +0 +0 +0 +0 +0,0.46,1.81
nc2_cell083,ok,38988,18111,465,True,38.2,+0 -36 -38 -10 +0 +0,0.434,1.81
nc2_cell084,ok,46911,20061,465,True,27.6,+0 +0 +0 -12 -28 -21,0.479,2.01
nc2_cell085,ok,43804,16651,465,True,42.4,+0 -35 -37 -42 -41 -38,0.354,1.67
nc2_cell086,ok,32439,13639,465,True,22.3,+0 +0 -22 +0 +0 +0,0.456,1.36
nc2_cell087,ok,10399,4785,247,True,45.0,+0 -43 -45 -45 -45 -42,0.479,0.48
nc2_cell088,ok,43991,15663,248,True,45.0,+0 -45 -45 -45 -45 -45,0.465,1.57
nc2_cell089,ok,77148,34690,247,True,45.0,+0 -45 -45 -45 -45 -45,0.464,3.47
nc2_cell090,ok,99953,56009,247,True,45.0,+0 -45 -45 -40 +0 +0,0.571,5.6
nc2_cell091,ok,59270,44129,247,False,0.0,+0 +0 +0 +0 +0 +0,0.58,4.41
nc2_cell092,ok,61175,24937,247,True,120.0,+0 +86 +117 +120 +120 -26,0.552,2.49
nc2_cell093,ok,102094,37944,247,True,120.0,+0 +120 +120 +120 +120 +118,0.519,3.79
nc2_cell094,ok,104040,38848,247,True,120.0,+0 +120 +120 +120 +120 +120,0.487,3.88
nc2_cell095,ok,41485,32655,247,True,25.3,+0 +0 +25 +18 +11 +0,0.601,3.27
nc2_cell096,ok,23980,19012,247,True,69.7,+0 +0 +11 +31 +28 +70,0.587,1.9
nc2_cell097,ok,15502,10944,247,True,11.4,+0 -11 +0 +0 +0 +0,0.465,1.09
nc2_cell098,ok,95890,71344,247,True,11.8,+0 +0 +0 -12 +0 +0,0.51,7.13
nc2_cell099,ok,73110,57621,247,True,10.5,+0 +0 +0 -10 +0 +0,0.527,5.76
nc2_cell100,ok,57315,49558,247,True,10.5,+0 -10 +0 +0 +0 +0,0.517,4.96
nc2_cell101,ok,24619,8424,247,True,118.6,+0 +34 -13 +0 -36 +119,0.533,0.84
nc2_cell102,ok,18572,9073,247,True,120.0,+0 +120 +120 +16 +18 +37,0.537,0.91
nc2_cell103,ok,71300,62887,465,True,10.3,+0 +0 -10 +0 +0 +0,0.583,6.29
nc2_cell104,ok,23781,15787,465,True,12.1,+0 -10 -12 +0 +0 -12,0.523,1.58
nc2_cell105,ok,64320,56172,465,False,0.0,+0 +0 +0 +0 +0 +0,0.515,5.62
nc2_cell106,ok,22942,11896,465,True,12.3,+0 +0 +12 +0 -10 +0,0.529,1.19
nc2_cell107,ok,47124,16951,465,True,41.0,+0 +41 +0 +0 +0 -17,0.591,1.7
nc2_cell108,ok,58971,17824,465,True,113.1,+0 +35 +96 +113 +12 +0,0.472,1.78
nc2_cell109,ok,28327,8216,465,True,14.0,+0 +0 -14 -13 +0 +0,0.426,0.82
nc2_cell110,ok,25661,11916,465,True,34.1,+0 -12 -11 -11 -31 -34,0.445,1.19
nc2_cell111,ok,14017,3157,465,False,0.0,+0,0.399,0.32
nc2_cell112,ok,16679,11960,465,True,13.3,+0 -10 -11 -13 -12 +0,0.496,1.2
nc2_cell113,ok,13084,3052,465,False,0.0,+0,0.405,0.31
nc2_cell114,ok,10196,1875,465,False,0.0,+0,0.334,0.19
nc2_cell116,ok,31333,16330,465,True,45.0,+0 -11 -23 -40 -45 -15,0.521,1.63
nc2_cell117,ok,41216,35335,465,True,30.5,+0 +0 +0 +16 +31 +25,0.613,3.53
nc2_cell118,ok,35617,20084,465,True,37.4,+0 +23 +0 -37 -17 -21,0.569,2.01
nc2_cell119,ok,28988,14900,465,True,45.0,+0 -38 -22 -24 -45 -12,0.529,1.49
nc2_cell120,ok,20764,12009,465,True,39.4,+0 -25 -39 -23 -11 -17,0.517,1.2
nc2_cell121,ok,24092,18362,465,False,0.0,+0 +0 +0 +0 +0 +0,0.473,1.84
nc2_cell122,ok,16500,11368,265,True,12.0,+0 +0 +0 -12 -11 +0,0.481,1.14
nc2_cell123,ok,20912,11836,247,True,35.3,+0 +0 -35 -25 +0 +0,0.49,1.18
nc2_cell124,ok,26031,11781,247,True,83.0,+0 -45 +83 +0 -13 -13,0.518,1.18
nc2_cell125,ok,21723,7836,247,True,99.3,+0 -38 -45 +0 +99 +38,0.6,0.78
nc2_cell126,ok,31259,19507,247,True,23.4,+0 -23 +0 +0 +0 +0,0.491,1.95
nc2_cell127,ok,23688,14640,247,True,11.3,+0 +0 -11 +0 +0 +0,0.476,1.46
nc2_cell128,ok,22915,20195,247,True,11.6,+0 -12 +0 +0 +0 +0,0.45,2.02
nc2_cell129,ok,19554,16748,247,True,15.7,+0 -10 +0 -14 -16 -11,0.442,1.67
