Name,Code,Code description,Easting,Northing,Elevation,Description,Longitude,Latitude,Ellipsoidal height,Origin,Tilt angle,Easting RMS,Northing RMS,Elevation RMS,Lateral RMS,Antenna height,Antenna height units,Solution status,Correction type,Averaging start,Averaging end,Samples,PDOP,GDOP,Base easting,Base northing,Base elevation,Base longitude,Base latitude,Base ellipsoidal height,Baseline,Mount point,CS name,GPS Satellites,GLONASS Satellites,Galileo Satellites,BeiDou Satellites,QZSS Satellites,Device type,Device serial number,Author
1,,,,,,,-5.38157953,43.52213492,53.876,Global,1.8,0.012,0.012,0.012,0.017,1.934,m,FIX,RTK,2026-08-14 11:07:37.0 UTC+02:00,2026-08-14 11:07:37.0 UTC+02:00,1,1.2,1.4,,,,-5.70190546,43.57011347,156.563,26430.838,XIXO3M,SC global,11,7,9,9,0,Reach RS3,824349ADB8F8C4C3,
2,,,,,,,-5.38159782,43.52213524,53.842,Global,3.6,0.013,0.013,0.012,0.018,1.934,m,FIX,RTK,2026-08-14 11:08:42.0 UTC+02:00,2026-08-14 11:08:42.0 UTC+02:00,1,1.2,1.4,,,,-5.70190546,43.57011347,156.563,26429.554,XIXO3M,SC global,11,7,9,9,0,Reach RS3,824349ADB8F8C4C3,
3,,,,,,,-5.38167436,43.52216970,53.662,Global,2.6,0.013,0.013,0.013,0.018,1.934,m,FIX,RTK,2026-08-14 11:08:58.6 UTC+02:00,2026-08-14 11:08:58.6 UTC+02:00,1,1.1,1.3,,,,-5.70190546,43.57011347,156.563,26422.645,XIXO3M,SC global,11,7,9,9,0,Reach RS3,824349ADB8F8C4C3,
4,,,,,,,-5.38173393,43.52220083,53.410,Global,5.8,0.013,0.013,0.013,0.019,1.934,m,FIX,RTK,2026-08-14 11:09:10.2 UTC+02:00,2026-08-14 11:09:10.2 UTC+02:00,1,1.1,1.2,,,,-5.70190546,43.57011347,156.563,26417.274,XIXO3M,SC global,10,7,9,9,0,Reach RS3,824349ADB8F8C4C3,
5,,,,,,,-5.38177640,43.52222442,53.342,Global,5.6,0.013,0.013,0.013,0.019,1.934,m,FIX,RTK,2026-08-14 11:09:21.6 UTC+02:00,2026-08-14 11:09:21.6 UTC+02:00,1,1.1,1.3,,,,-5.70190546,43.57011347,156.563,26413.421,XIXO3M,SC global,10,7,9,9,0,Reach RS3,824349ADB8F8C4C3,
6,,,,,,,-5.38180449,43.52223927,53.348,Global,5.3,0.013,0.013,0.013,0.018,1.934,m,FIX,RTK,2026-08-14 11:09:31.6 UTC+02:00,2026-08-14 11:09:31.6 UTC+02:00,1,1.1,1.3,,,,-5.70190546,43.57011347,156.563,26410.797,XIXO3M,SC global,11,7,9,9,0,Reach RS3,824349ADB8F8C4C3,
7,,,,,,,-5.38182721,43.52226058,53.039,Global,2.1,0.013,0.013,0.012,0.018,1.934,m,FIX,RTK,2026-08-14 11:09:50.8 UTC+02:00,2026-08-14 11:09:50.8 UTC+02:00,1,1.1,1.3,,,,-5.70190546,43.57011347,156.563,26408.498,XIXO3M,SC global,11,7,9,9,0,Reach RS3,824349ADB8F8C4C3,
8,,,,,,,-5.38186005,43.52227863,52.693,Global,3.3,0.013,0.013,0.012,0.018,1.934,m,FIX,RTK,2026-08-14 11:09:58.8 UTC+02:00,2026-08-14 11:09:58.8 UTC+02:00,1,1.1,1.3,,,,-5.70190546,43.57011347,156.563,26405.466,XIXO3M,SC global,11,7,9,9,0,Reach RS3,824349ADB8F8C4C3,
9,,,,,,,-5.38189238,43.52229993,52.431,Global,6.7,0.013,0.013,0.013,0.019,1.934,m,FIX,RTK,2026-08-14 11:10:11.8 UTC+02:00,2026-08-14 11:10:11.8 UTC+02:00,1,1.1,1.3,,,,-5.70190546,43.57011347,156.563,26402.503,XIXO3M,SC global,11,7,9,9,0,Reach RS3,824349ADB8F8C4C3,
10,,,,,,,-5.38188766,43.52232438,52.415,Global,4.1,0.013,0.013,0.012,0.018,1.934,m,FIX,RTK,2026-08-14 11:11:35.6 UTC+02:00,2026-08-14 11:11:35.6 UTC+02:00,1,1.1,1.3,,,,-5.70190546,43.57011347,156.563,26402.320,XIXO3M,SC global,11,7,9,9,0,Reach RS3,824349ADB8F8C4C3,
11,,,,,,,-5.38193388,43.52234144,52.321,Global,7.1,0.013,0.013,0.013,0.018,1.934,m,FIX,RTK,2026-08-14 11:13:52.4 UTC+02:00,2026-08-14 11:13:52.4 UTC+02:00,1,1.1,1.3,,,,-5.70190546,43.57011347,156.563,26398.307,XIXO3M,SC global,11,7,9,9,0,Reach RS3,824349ADB8F8C4C3,
12,,,,,,,-5.38202398,43.52235515,52.304,Global,9.4,0.014,0.014,0.015,0.020,1.934,m,FIX,RTK,2026-08-14 11:14:20.2 UTC+02:00,2026-08-14 11:14:20.2 UTC+02:00,1,1.1,1.3,,,,-5.70190546,43.57011347,156.563,26391.028,XIXO3M,SC global,11,7,9,9,0,Reach RS3,824349ADB8F8C4C3,
13,,,,,,,-5.38209106,43.52236613,52.315,Global,11.3,0.014,0.014,0.015,0.020,1.934,m,FIX,RTK,2026-08-14 11:14:41.8 UTC+02:00,2026-08-14 11:14:41.8 UTC+02:00,1,1.1,1.3,,,,-5.70190546,43.57011347,156.563,26385.547,XIXO3M,SC global,11,7,9,9,0,Reach RS3,824349ADB8F8C4C3,
14,,,,,,,-5.38213033,43.52238786,52.271,Global,7.5,0.014,0.014,0.014,0.019,1.934,m,FIX,RTK,2026-08-14 11:15:02.6 UTC+02:00,2026-08-14 11:15:02.6 UTC+02:00,1,1.1,1.3,,,,-5.70190546,43.57011347,156.563,26381.833,XIXO3M,SC global,11,7,9,8,0,Reach RS3,824349ADB8F8C4C3,
15,,,,,,,-5.38216673,43.52238457,52.503,Global,6.3,0.013,0.013,0.014,0.019,1.934,m,FIX,RTK,2026-08-14 11:15:20.0 UTC+02:00,2026-08-14 11:15:20.0 UTC+02:00,1,1.1,1.3,,,,-5.70190546,43.57011347,156.563,26378.821,XIXO3M,SC global,11,7,9,8,0,Reach RS3,824349ADB8F8C4C3,
16,,,,,,,-5.38221248,43.52237398,52.439,Global,6.9,0.013,0.013,0.013,0.019,1.934,m,FIX,RTK,2026-08-14 11:15:37.2 UTC+02:00,2026-08-14 11:15:37.2 UTC+02:00,1,1.1,1.3,,,,-5.70190546,43.57011347,156.563,26375.533,XIXO3M,SC global,11,7,9,8,0,Reach RS3,824349ADB8F8C4C3,
17,,,,,,,-5.38224331,43.52237745,52.287,Global,8.7,0.014,0.014,0.014,0.019,1.934,m,FIX,RTK,2026-08-14 11:16:38.8 UTC+02:00,2026-08-14 11:16:38.8 UTC+02:00,1,1.1,1.3,,,,-5.70190546,43.57011347,156.563,26372.788,XIXO3M,SC global,11,7,9,8,0,Reach RS3,824349ADB8F8C4C3,
18,,,,,,,-5.38227328,43.52237997,52.276,Global,8.4,0.014,0.014,0.014,0.020,1.934,m,FIX,RTK,2026-08-14 11:16:47.2 UTC+02:00,2026-08-14 11:16:47.2 UTC+02:00,1,1.1,1.3,,,,-5.70190546,43.57011347,156.563,26370.686,XIXO3M,SC global,11,7,9,8,0,Reach RS3,824349ADB8F8C4C3,
19,,,,,,,-5.38229757,43.52238264,52.497,Global,8.7,0.014,0.014,0.014,0.019,1.934,m,FIX,RTK,2026-08-14 11:16:55.6 UTC+02:00,2026-08-14 11:16:55.6 UTC+02:00,1,1.1,1.3,,,,-5.70190546,43.57011347,156.563,26368.728,XIXO3M,SC global,11,7,9,8,0,Reach RS3,824349ADB8F8C4C3,
20,,,,,,,-5.38233228,43.52238926,52.349,Global,10.9,0.014,0.014,0.015,0.020,1.934,m,FIX,RTK,2026-08-14 11:17:10.0 UTC+02:00,2026-08-14 11:17:10.0 UTC+02:00,1,1.1,1.3,,,,-5.70190546,43.57011347,156.563,26365.921,XIXO3M,SC global,11,7,9,8,0,Reach RS3,824349ADB8F8C4C3,
21,,,,,,,-5.38238759,43.52240541,52.286,Global,10.7,0.014,0.014,0.015,0.020,1.934,m,FIX,RTK,2026-08-14 11:17:24.0 UTC+02:00,2026-08-14 11:17:24.0 UTC+02:00,1,1.1,1.3,,,,-5.70190546,43.57011347,156.563,26360.900,XIXO3M,SC global,11,7,9,8,0,Reach RS3,824349ADB8F8C4C3,
22,,,,,,,-5.38243646,43.52242510,52.212,Global,11.8,0.014,0.014,0.015,0.020,1.934,m,FIX,RTK,2026-08-14 11:17:35.4 UTC+02:00,2026-08-14 11:17:35.4 UTC+02:00,1,1.1,1.3,,,,-5.70190546,43.57011347,156.563,26356.894,XIXO3M,SC global,11,7,9,8,0,Reach RS3,824349ADB8F8C4C3,
23,,,,,,,-5.38246971,43.52243565,52.206,Global,7.5,0.014,0.014,0.014,0.019,1.934,m,FIX,RTK,2026-08-14 11:17:46.6 UTC+02:00,2026-08-14 11:17:46.6 UTC+02:00,1,1.1,1.3,,,,-5.70190546,43.57011347,156.563,26353.881,XIXO3M,SC global,11,7,9,8,0,Reach RS3,824349ADB8F8C4C3,
24,,,,,,,-5.38250963,43.52244991,52.187,Global,9.1,0.014,0.014,0.014,0.019,1.934,m,FIX,RTK,2026-08-14 11:17:58.8 UTC+02:00,2026-08-14 11:17:58.8 UTC+02:00,1,1.1,1.3,,,,-5.70190546,43.57011347,156.563,26350.456,XIXO3M,SC global,11,7,9,8,0,Reach RS3,824349ADB8F8C4C3,
25,,,,,,,-5.38253992,43.52246293,52.213,Global,9.4,0.014,0.014,0.014,0.020,1.934,m,FIX,RTK,2026-08-14 11:18:11.8 UTC+02:00,2026-08-14 11:18:11.8 UTC+02:00,1,1.1,1.3,,,,-5.70190546,43.57011347,156.563,26347.777,XIXO3M,SC global,11,7,9,8,0,Reach RS3,824349ADB8F8C4C3,
26,,,,,,,-5.38257536,43.52247735,52.282,Global,10.0,0.014,0.014,0.014,0.020,1.934,m,FIX,RTK,2026-08-14 11:18:24.2 UTC+02:00,2026-08-14 11:18:24.2 UTC+02:00,1,1.1,1.3,,,,-5.70190546,43.57011347,156.563,26344.656,XIXO3M,SC global,11,7,9,8,0,Reach RS3,824349ADB8F8C4C3,
27,,,,,,,-5.38261393,43.52249282,52.315,Global,10.0,0.014,0.014,0.014,0.020,1.934,m,FIX,RTK,2026-08-14 11:18:37.0 UTC+02:00,2026-08-14 11:18:37.0 UTC+02:00,1,1.0,1.2,,,,-5.70190546,43.57011347,156.563,26341.256,XIXO3M,SC global,11,7,9,8,0,Reach RS3,824349ADB8F8C4C3,
28,,,,,,,-5.38264405,43.52250639,52.273,Global,9.9,0.014,0.014,0.014,0.020,1.934,m,FIX,RTK,2026-08-14 11:18:48.0 UTC+02:00,2026-08-14 11:18:48.0 UTC+02:00,1,1.0,1.2,,,,-5.70190546,43.57011347,156.563,26338.556,XIXO3M,SC global,11,7,9,8,0,Reach RS3,824349ADB8F8C4C3,
29,,,,,,,-5.38265480,43.52251390,52.508,Global,5.8,0.013,0.013,0.013,0.018,1.934,m,FIX,RTK,2026-08-14 11:18:55.2 UTC+02:00,2026-08-14 11:18:55.2 UTC+02:00,1,1.0,1.2,,,,-5.70190546,43.57011347,156.563,26337.234,XIXO3M,SC global,10,7,9,8,0,Reach RS3,824349ADB8F8C4C3,
30,,,,,,,-5.38266338,43.52251820,52.734,Global,6.7,0.013,0.013,0.013,0.019,1.934,m,FIX,RTK,2026-08-14 11:19:02.2 UTC+02:00,2026-08-14 11:19:02.2 UTC+02:00,1,1.0,1.2,,,,-5.70190546,43.57011347,156.563,26336.556,XIXO3M,SC global,10,7,9,8,0,Reach RS3,824349ADB8F8C4C3,
31,,,,,,,-5.38267279,43.52252576,53.006,Global,4.3,0.013,0.013,0.012,0.018,1.934,m,FIX,RTK,2026-08-14 11:19:11.8 UTC+02:00,2026-08-14 11:19:11.8 UTC+02:00,1,1.0,1.2,,,,-5.70190546,43.57011347,156.563,26335.590,XIXO3M,SC global,10,7,9,8,0,Reach RS3,824349ADB8F8C4C3,
32,,,,,,,-5.38274828,43.52252698,52.998,Global,4.8,0.013,0.013,0.012,0.018,1.934,m,FIX,RTK,2026-08-14 11:19:42.8 UTC+02:00,2026-08-14 11:19:42.8 UTC+02:00,1,1.0,1.2,,,,-5.70190546,43.57011347,156.563,26329.675,XIXO3M,SC global,11,7,9,8,0,Reach RS3,824349ADB8F8C4C3,
33,,,,,,,-5.38279678,43.52255901,52.960,Global,3.8,0.013,0.013,0.013,0.019,1.934,m,FIX,RTK,2026-08-14 11:20:09.8 UTC+02:00,2026-08-14 11:20:09.8 UTC+02:00,1,1.0,1.2,,,,-5.70190546,43.57011347,156.563,26325.082,XIXO3M,SC global,11,7,9,8,0,Reach RS3,824349ADB8F8C4C3,
34,,,,,,,-5.38283419,43.52258477,52.941,Global,5.3,0.013,0.013,0.013,0.018,1.934,m,FIX,RTK,2026-08-14 11:20:21.0 UTC+02:00,2026-08-14 11:20:21.0 UTC+02:00,1,1.0,1.2,,,,-5.70190546,43.57011347,156.563,26321.595,XIXO3M,SC global,11,7,9,8,0,Reach RS3,824349ADB8F8C4C3,
35,,,,,,,-5.38287252,43.52260201,52.935,Global,7.3,0.013,0.013,0.013,0.019,1.934,m,FIX,RTK,2026-08-14 11:20:36.8 UTC+02:00,2026-08-14 11:20:36.8 UTC+02:00,1,1.0,1.2,,,,-5.70190546,43.57011347,156.563,26318.243,XIXO3M,SC global,11,7,9,8,0,Reach RS3,824349ADB8F8C4C3,
36,,,,,,,-5.38291543,43.52261705,52.928,Global,8.7,0.014,0.014,0.014,0.020,1.934,m,FIX,RTK,2026-08-14 11:20:47.6 UTC+02:00,2026-08-14 11:20:47.6 UTC+02:00,1,1.0,1.2,,,,-5.70190546,43.57011347,156.563,26314.541,XIXO3M,SC global,11,7,9,8,0,Reach RS3,824349ADB8F8C4C3,
37,,,,,,,-5.38295889,43.52263728,52.964,Global,10.2,0.014,0.014,0.015,0.020,1.934,m,FIX,RTK,2026-08-14 11:20:59.8 UTC+02:00,2026-08-14 11:20:59.8 UTC+02:00,1,1.0,1.2,,,,-5.70190546,43.57011347,156.563,26310.674,XIXO3M,SC global,11,7,9,8,0,Reach RS3,824349ADB8F8C4C3,
38,,,,,,,-5.38301776,43.52267174,53.012,Global,8.8,0.014,0.014,0.014,0.020,1.934,m,FIX,RTK,2026-08-14 11:21:17.6 UTC+02:00,2026-08-14 11:21:17.6 UTC+02:00,1,1.0,1.2,,,,-5.70190546,43.57011347,156.563,26305.211,XIXO3M,SC global,11,7,9,8,0,Reach RS3,824349ADB8F8C4C3,
39,,,,,,,-5.38308638,43.52269913,53.091,Global,5.3,0.013,0.013,0.013,0.018,1.934,m,FIX,RTK,2026-08-14 11:21:30.2 UTC+02:00,2026-08-14 11:21:30.2 UTC+02:00,1,1.0,1.2,,,,-5.70190546,43.57011347,156.563,26299.058,XIXO3M,SC global,11,7,9,8,0,Reach RS3,824349ADB8F8C4C3,
40,,,,,,,-5.38313910,43.52272777,53.114,Global,3.0,0.013,0.013,0.012,0.018,1.934,m,FIX,RTK,2026-08-14 11:21:40.2 UTC+02:00,2026-08-14 11:21:40.2 UTC+02:00,1,1.0,1.2,,,,-5.70190546,43.57011347,156.563,26294.161,XIXO3M,SC global,11,7,9,8,0,Reach RS3,824349ADB8F8C4C3,
41,,,,,,,-5.38319247,43.52274766,53.126,Global,8.5,0.014,0.014,0.014,0.020,1.934,m,FIX,RTK,2026-08-14 11:21:49.0 UTC+02:00,2026-08-14 11:21:49.0 UTC+02:00,1,1.0,1.2,,,,-5.70190546,43.57011347,156.563,26289.658,XIXO3M,SC global,11,7,9,8,0,Reach RS3,824349ADB8F8C4C3,
42,,,,,,,-5.38324868,43.52277259,53.152,Global,7.8,0.013,0.013,0.013,0.019,1.934,m,FIX,RTK,2026-08-14 11:21:59.2 UTC+02:00,2026-08-14 11:21:59.2 UTC+02:00,1,1.0,1.2,,,,-5.70190546,43.57011347,156.563,26284.528,XIXO3M,SC global,11,6,9,8,0,Reach RS3,824349ADB8F8C4C3,
43,,,,,,,-5.38329483,43.52279208,53.077,Global,3.4,0.013,0.013,0.012,0.018,1.934,m,FIX,RTK,2026-08-14 11:22:09.2 UTC+02:00,2026-08-14 11:22:09.2 UTC+02:00,1,1.0,1.2,,,,-5.70190546,43.57011347,156.563,26280.369,XIXO3M,SC global,11,7,9,8,0,Reach RS3,824349ADB8F8C4C3,
44,,,,,,,-5.38331610,43.52280330,53.003,Global,4.8,0.013,0.013,0.012,0.018,1.934,m,FIX,RTK,2026-08-14 11:22:18.2 UTC+02:00,2026-08-14 11:22:18.2 UTC+02:00,1,1.0,1.2,,,,-5.70190546,43.57011347,156.563,26278.508,XIXO3M,SC global,11,7,9,8,0,Reach RS3,824349ADB8F8C4C3,
45,,,,,,,-5.38332586,43.52280840,52.842,Global,8.8,0.014,0.014,0.014,0.019,1.934,m,FIX,RTK,2026-08-14 11:22:27.4 UTC+02:00,2026-08-14 11:22:27.4 UTC+02:00,1,1.0,1.2,,,,-5.70190546,43.57011347,156.563,26277.754,XIXO3M,SC global,11,7,9,8,0,Reach RS3,824349ADB8F8C4C3,
46,,,,,,,-5.38333368,43.52283475,52.962,Global,10.1,0.014,0.014,0.014,0.020,1.934,m,FIX,RTK,2026-08-14 11:22:42.2 UTC+02:00,2026-08-14 11:22:42.2 UTC+02:00,1,1.0,1.2,,,,-5.70190546,43.57011347,156.563,26276.535,XIXO3M,SC global,11,6,9,8,0,Reach RS3,824349ADB8F8C4C3,
47,,,,,,,-5.38328357,43.52285961,52.898,Global,7.2,0.014,0.014,0.014,0.019,1.934,m,FIX,RTK,2026-08-14 11:23:14.0 UTC+02:00,2026-08-14 11:23:14.0 UTC+02:00,1,1.0,1.2,,,,-5.70190546,43.57011347,156.563,26279.741,XIXO3M,SC global,10,7,9,8,0,Reach RS3,824349ADB8F8C4C3,
48,,,,,,,-5.38329286,43.52289228,53.092,Global,6.5,0.013,0.013,0.013,0.019,1.934,m,FIX,RTK,2026-08-14 11:23:43.4 UTC+02:00,2026-08-14 11:23:43.4 UTC+02:00,1,1.0,1.2,,,,-5.70190546,43.57011347,156.563,26278.289,XIXO3M,SC global,9,7,9,8,0,Reach RS3,824349ADB8F8C4C3,
49,,,,,,,-5.38330937,43.52293021,53.251,Global,4.1,0.013,0.013,0.012,0.018,1.934,m,FIX,RTK,2026-08-14 11:23:57.8 UTC+02:00,2026-08-14 11:23:57.8 UTC+02:00,1,1.0,1.2,,,,-5.70190546,43.57011347,156.563,26276.048,XIXO3M,SC global,9,7,9,8,0,Reach RS3,824349ADB8F8C4C3,
50,,,,,,,-5.38333096,43.52296459,53.250,Global,5.4,0.013,0.013,0.012,0.018,1.934,m,FIX,RTK,2026-08-14 11:24:12.2 UTC+02:00,2026-08-14 11:24:12.2 UTC+02:00,1,1.0,1.2,,,,-5.70190546,43.57011347,156.563,26273.696,XIXO3M,SC global,9,6,9,8,0,Reach RS3,824349ADB8F8C4C3,
51,,,,,,,-5.38336570,43.52299085,53.118,Global,7.0,0.013,0.013,0.013,0.019,1.934,m,FIX,RTK,2026-08-14 11:24:34.4 UTC+02:00,2026-08-14 11:24:34.4 UTC+02:00,1,1.0,1.2,,,,-5.70190546,43.57011347,156.563,26270.441,XIXO3M,SC global,9,6,9,8,0,Reach RS3,824349ADB8F8C4C3,
52,,,,,,,-5.38340706,43.52300277,53.227,Global,8.3,0.014,0.014,0.014,0.019,1.934,m,FIX,RTK,2026-08-14 11:24:51.0 UTC+02:00,2026-08-14 11:24:51.0 UTC+02:00,1,1.0,1.2,,,,-5.70190546,43.57011347,156.563,26266.965,XIXO3M,SC global,9,7,9,8,0,Reach RS3,824349ADB8F8C4C3,
53,,,,,,,-5.38342201,43.52301170,53.376,Global,7.3,0.014,0.014,0.013,0.019,1.934,m,FIX,RTK,2026-08-14 11:24:58.0 UTC+02:00,2026-08-14 11:24:58.0 UTC+02:00,1,1.0,1.2,,,,-5.70190546,43.57011347,156.563,26265.547,XIXO3M,SC global,9,7,9,8,0,Reach RS3,824349ADB8F8C4C3,
54,,,,,,,-5.38350788,43.52304521,53.420,Global,6.5,0.013,0.013,0.013,0.019,1.934,m,FIX,RTK,2026-08-14 11:25:18.8 UTC+02:00,2026-08-14 11:25:18.8 UTC+02:00,1,1.0,1.2,,,,-5.70190546,43.57011347,156.563,26257.897,XIXO3M,SC global,9,6,9,8,0,Reach RS3,824349ADB8F8C4C3,
55,,,,,,,-5.38355644,43.52307698,53.474,Global,2.9,0.013,0.013,0.012,0.018,1.934,m,FIX,RTK,2026-08-14 11:25:52.2 UTC+02:00,2026-08-14 11:25:52.2 UTC+02:00,1,1.0,1.2,,,,-5.70190546,43.57011347,156.563,26253.271,XIXO3M,SC global,9,6,9,8,0,Reach RS3,824349ADB8F8C4C3,
56,,,,,,,-5.38359129,43.52310692,53.529,Global,4.7,0.013,0.013,0.013,0.019,1.934,m,FIX,RTK,2026-08-14 11:26:05.0 UTC+02:00,2026-08-14 11:26:05.0 UTC+02:00,1,1.0,1.2,,,,-5.70190546,43.57011347,156.563,26249.873,XIXO3M,SC global,9,6,9,8,0,Reach RS3,824349ADB8F8C4C3,
57,,,,,,,-5.38365134,43.52313238,53.673,Global,5.3,0.013,0.013,0.012,0.018,1.934,m,FIX,RTK,2026-08-14 11:26:22.4 UTC+02:00,2026-08-14 11:26:22.4 UTC+02:00,1,1.0,1.2,,,,-5.70190546,43.57011347,156.563,26244.542,XIXO3M,SC global,9,7,9,8,0,Reach RS3,824349ADB8F8C4C3,
58,,,,,,,-5.38369855,43.52316953,53.728,Global,4.6,0.013,0.013,0.012,0.018,1.934,m,FIX,RTK,2026-08-14 11:26:37.0 UTC+02:00,2026-08-14 11:26:37.0 UTC+02:00,1,1.0,1.2,,,,-5.70190546,43.57011347,156.563,26240.022,XIXO3M,SC global,9,6,9,8,0,Reach RS3,824349ADB8F8C4C3,
59,,,,,,,-5.38373792,43.52320990,53.809,Global,8.5,0.013,0.013,0.014,0.019,1.934,m,FIX,RTK,2026-08-14 11:27:30.0 UTC+02:00,2026-08-14 11:27:30.0 UTC+02:00,1,1.1,1.2,,,,-5.70190546,43.57011347,156.563,26236.143,XIXO3M,SC global,9,6,9,8,0,Reach RS3,824349ADB8F8C4C3,
60,,,,,,,-5.38379020,43.52324873,53.873,Global,4.8,0.013,0.013,0.012,0.018,1.934,m,FIX,RTK,2026-08-14 11:27:43.8 UTC+02:00,2026-08-14 11:27:43.8 UTC+02:00,1,1.1,1.3,,,,-5.70190546,43.57011347,156.563,26230.997,XIXO3M,SC global,9,6,9,8,0,Reach RS3,824349ADB8F8C4C3,
61,,,,,,,-5.38382942,43.52327499,53.919,Global,9.7,0.014,0.014,0.014,0.020,1.934,m,FIX,RTK,2026-08-14 11:27:57.8 UTC+02:00,2026-08-14 11:27:57.8 UTC+02:00,1,1.1,1.3,,,,-5.70190546,43.57011347,156.563,26227.481,XIXO3M,SC global,9,7,9,8,0,Reach RS3,824349ADB8F8C4C3,
62,,,,,,,-5.38385355,43.52329773,53.880,Global,6.6,0.013,0.013,0.013,0.019,1.934,m,FIX,RTK,2026-08-14 11:28:16.8 UTC+02:00,2026-08-14 11:28:16.8 UTC+02:00,1,1.1,1.3,,,,-5.70190546,43.57011347,156.563,26224.958,XIXO3M,SC global,9,7,9,8,0,Reach RS3,824349ADB8F8C4C3,
63,,,,,,,-5.38385804,43.52330727,53.689,Global,5.0,0.014,0.014,0.013,0.019,1.934,m,FIX,RTK,2026-08-14 11:28:23.4 UTC+02:00,2026-08-14 11:28:23.4 UTC+02:00,1,1.1,1.3,,,,-5.70190546,43.57011347,156.563,26224.270,XIXO3M,SC global,9,7,9,8,0,Reach RS3,824349ADB8F8C4C3,
64,,,,,,,-5.38383885,43.52333945,53.719,Global,7.3,0.013,0.013,0.013,0.019,1.934,m,FIX,RTK,2026-08-14 11:28:38.2 UTC+02:00,2026-08-14 11:28:38.2 UTC+02:00,1,1.1,1.3,,,,-5.70190546,43.57011347,156.563,26225.095,XIXO3M,SC global,9,6,9,8,0,Reach RS3,824349ADB8F8C4C3,
65,,,,,,,-5.38376245,43.52330492,53.626,Global,4.8,0.013,0.013,0.013,0.019,1.934,m,FIX,RTK,2026-08-14 11:29:42.4 UTC+02:00,2026-08-14 11:29:42.4 UTC+02:00,1,1.1,1.3,,,,-5.70190546,43.57011347,156.563,26231.944,XIXO3M,SC global,9,8,9,8,0,Reach RS3,824349ADB8F8C4C3,
66,,,,,,,-5.38363170,43.52326886,53.671,Global,6.5,0.013,0.013,0.013,0.019,1.934,m,FIX,RTK,2026-08-14 11:30:18.0 UTC+02:00,2026-08-14 11:30:18.0 UTC+02:00,1,1.1,1.3,,,,-5.70190546,43.57011347,156.563,26242.864,XIXO3M,SC global,9,7,9,8,0,Reach RS3,824349ADB8F8C4C3,
67,,,,,,,-5.38353780,43.52329483,53.624,Global,6.1,0.013,0.013,0.013,0.019,1.934,m,FIX,RTK,2026-08-14 11:30:33.2 UTC+02:00,2026-08-14 11:30:33.2 UTC+02:00,1,1.1,1.3,,,,-5.70190546,43.57011347,156.563,26249.883,XIXO3M,SC global,9,7,8,8,0,Reach RS3,824349ADB8F8C4C3,
68,,,,,,,-5.38346177,43.52330271,53.416,Global,7.6,0.013,0.013,0.014,0.019,1.934,m,FIX,RTK,2026-08-14 11:31:05.8 UTC+02:00,2026-08-14 11:31:05.8 UTC+02:00,1,1.1,1.3,,,,-5.70190546,43.57011347,156.563,26255.693,XIXO3M,SC global,9,8,9,8,0,Reach RS3,824349ADB8F8C4C3,
69,,,,,,,-5.38339582,43.52331654,53.382,Global,4.2,0.014,0.014,0.013,0.020,1.934,m,FIX,RTK,2026-08-14 11:31:34.4 UTC+02:00,2026-08-14 11:31:34.4 UTC+02:00,1,1.1,1.3,,,,-5.70190546,43.57011347,156.563,26260.709,XIXO3M,SC global,9,7,9,8,0,Reach RS3,824349ADB8F8C4C3,
70,,,,,,,-5.38336089,43.52330954,53.405,Global,7.3,0.013,0.013,0.013,0.019,1.934,m,FIX,RTK,2026-08-14 11:31:49.8 UTC+02:00,2026-08-14 11:31:49.8 UTC+02:00,1,1.1,1.3,,,,-5.70190546,43.57011347,156.563,26263.264,XIXO3M,SC global,9,7,9,8,0,Reach RS3,824349ADB8F8C4C3,
71,,,,,,,-5.38331142,43.52330532,53.453,Global,8.1,0.013,0.013,0.013,0.019,1.934,m,FIX,RTK,2026-08-14 11:32:05.4 UTC+02:00,2026-08-14 11:32:05.4 UTC+02:00,1,1.1,1.3,,,,-5.70190546,43.57011347,156.563,26267.294,XIXO3M,SC global,9,7,9,8,0,Reach RS3,824349ADB8F8C4C3,
72,,,,,,,-5.38321983,43.52331915,53.422,Global,4.5,0.013,0.013,0.014,0.018,1.934,m,FIX,RTK,2026-08-14 11:32:25.8 UTC+02:00,2026-08-14 11:32:25.8 UTC+02:00,1,1.1,1.3,,,,-5.70190546,43.57011347,156.563,26274.319,XIXO3M,SC global,9,7,9,8,0,Reach RS3,824349ADB8F8C4C3,
73,,,,,,,-5.38318203,43.52331895,53.384,Global,9.3,0.014,0.014,0.014,0.020,1.934,m,FIX,RTK,2026-08-14 11:33:28.4 UTC+02:00,2026-08-14 11:33:28.4 UTC+02:00,1,1.1,1.3,,,,-5.70190546,43.57011347,156.563,26277.207,XIXO3M,SC global,9,7,9,8,0,Reach RS3,824349ADB8F8C4C3,
74,,,,,,,-5.38315959,43.52333329,53.162,Global,9.2,0.014,0.014,0.015,0.019,1.934,m,FIX,RTK,2026-08-14 11:33:43.2 UTC+02:00,2026-08-14 11:33:43.2 UTC+02:00,1,1.1,1.3,,,,-5.70190546,43.57011347,156.563,26278.739,XIXO3M,SC global,9,7,9,8,0,Reach RS3,824349ADB8F8C4C3,
75,,,,,,,-5.38315503,43.52335207,53.114,Global,6.1,0.013,0.013,0.013,0.019,1.934,m,FIX,RTK,2026-08-14 11:34:05.0 UTC+02:00,2026-08-14 11:34:05.0 UTC+02:00,1,1.1,1.4,,,,-5.70190546,43.57011347,156.563,26278.967,XIXO3M,SC global,9,7,8,8,0,Reach RS3,824349ADB8F8C4C3,
76,,,,,,,-5.38316550,43.52336755,53.401,Global,6.6,0.013,0.013,0.014,0.019,1.934,m,FIX,RTK,2026-08-14 11:34:21.2 UTC+02:00,2026-08-14 11:34:21.2 UTC+02:00,1,1.1,1.4,,,,-5.70190546,43.57011347,156.563,26277.622,XIXO3M,SC global,9,7,8,8,0,Reach RS3,824349ADB8F8C4C3,
77,,,,,,,-5.38316910,43.52338959,53.421,Global,6.6,0.013,0.013,0.013,0.019,1.934,m,FIX,RTK,2026-08-14 11:34:34.2 UTC+02:00,2026-08-14 11:34:34.2 UTC+02:00,1,1.1,1.4,,,,-5.70190546,43.57011347,156.563,26277.117,XIXO3M,SC global,9,8,8,8,0,Reach RS3,824349ADB8F8C4C3,
78,,,,,,,-5.38315992,43.52341286,53.402,Global,6.4,0.013,0.013,0.013,0.019,1.934,m,FIX,RTK,2026-08-14 11:34:47.6 UTC+02:00,2026-08-14 11:34:47.6 UTC+02:00,1,1.1,1.4,,,,-5.70190546,43.57011347,156.563,26277.217,XIXO3M,SC global,9,8,9,8,0,Reach RS3,824349ADB8F8C4C3,
79,,,,,,,-5.38316493,43.52342991,53.314,Global,4.3,0.013,0.013,0.012,0.018,1.934,m,FIX,RTK,2026-08-14 11:35:02.6 UTC+02:00,2026-08-14 11:35:02.6 UTC+02:00,1,1.1,1.4,,,,-5.70190546,43.57011347,156.563,26276.331,XIXO3M,SC global,9,7,9,8,0,Reach RS3,824349ADB8F8C4C3,
80,,,,,,,-5.38313662,43.52346079,53.146,Global,4.5,0.013,0.013,0.012,0.018,1.934,m,FIX,RTK,2026-08-14 11:35:16.6 UTC+02:00,2026-08-14 11:35:16.6 UTC+02:00,1,1.1,1.4,,,,-5.70190546,43.57011347,156.563,26277.805,XIXO3M,SC global,9,7,9,8,0,Reach RS3,824349ADB8F8C4C3,
81,,,,,,,-5.38311311,43.52347394,53.289,Global,5.7,0.013,0.013,0.013,0.018,1.934,m,FIX,RTK,2026-08-14 11:35:27.2 UTC+02:00,2026-08-14 11:35:27.2 UTC+02:00,1,1.1,1.4,,,,-5.70190546,43.57011347,156.563,26279.307,XIXO3M,SC global,9,8,9,8,0,Reach RS3,824349ADB8F8C4C3,
82,,,,,,,-5.38310351,43.52350558,53.257,Global,8.0,0.014,0.014,0.014,0.020,1.934,m,FIX,RTK,2026-08-14 11:35:41.6 UTC+02:00,2026-08-14 11:35:41.6 UTC+02:00,1,1.1,1.4,,,,-5.70190546,43.57011347,156.563,26279.824,XIXO3M,SC global,9,7,9,8,0,Reach RS3,824349ADB8F8C4C3,
83,,,,,,,-5.38312290,43.52352844,53.116,Global,6.0,0.013,0.013,0.014,0.019,1.934,m,FIX,RTK,2026-08-14 11:35:55.2 UTC+02:00,2026-08-14 11:35:55.2 UTC+02:00,1,1.1,1.4,,,,-5.70190546,43.57011347,156.563,26277.716,XIXO3M,SC global,9,7,9,8,0,Reach RS3,824349ADB8F8C4C3,
84,,,,,,,-5.38312805,43.52354487,53.017,Global,8.3,0.014,0.014,0.014,0.019,1.934,m,FIX,RTK,2026-08-14 11:36:05.2 UTC+02:00,2026-08-14 11:36:05.2 UTC+02:00,1,1.1,1.4,,,,-5.70190546,43.57011347,156.563,26276.972,XIXO3M,SC global,9,7,9,8,0,Reach RS3,824349ADB8F8C4C3,
85,,,,,,,-5.38314135,43.52358079,53.459,Global,4.0,0.013,0.013,0.012,0.018,1.934,m,FIX,RTK,2026-08-14 11:36:20.0 UTC+02:00,2026-08-14 11:36:20.0 UTC+02:00,1,1.1,1.4,,,,-5.70190546,43.57011347,156.563,26275.030,XIXO3M,SC global,9,7,9,8,0,Reach RS3,824349ADB8F8C4C3,
86,,,,,,,-5.38315468,43.52360803,53.558,Global,8.4,0.014,0.014,0.014,0.019,1.934,m,FIX,RTK,2026-08-14 11:36:33.0 UTC+02:00,2026-08-14 11:36:33.0 UTC+02:00,1,1.1,1.4,,,,-5.70190546,43.57011347,156.563,26273.438,XIXO3M,SC global,9,7,9,8,0,Reach RS3,824349ADB8F8C4C3,
87,,,,,,,-5.38317016,43.52365749,53.732,Global,11.6,0.014,0.014,0.015,0.020,1.934,m,FIX,RTK,2026-08-14 11:36:43.6 UTC+02:00,2026-08-14 11:36:43.6 UTC+02:00,1,1.1,1.4,,,,-5.70190546,43.57011347,156.563,26270.916,XIXO3M,SC global,9,7,9,8,0,Reach RS3,824349ADB8F8C4C3,
88,,,,,,,-5.38319571,43.52369791,53.914,Global,10.9,0.015,0.015,0.015,0.021,1.934,m,FIX,RTK,2026-08-14 11:36:56.0 UTC+02:00,2026-08-14 11:36:56.0 UTC+02:00,1,1.1,1.4,,,,-5.70190546,43.57011347,156.563,26268.275,XIXO3M,SC global,9,7,9,8,0,Reach RS3,824349ADB8F8C4C3,
89,,,,,,,-5.38323338,43.52371423,53.905,Global,7.6,0.013,0.013,0.013,0.019,1.934,m,FIX,RTK,2026-08-14 11:37:07.6 UTC+02:00,2026-08-14 11:37:07.6 UTC+02:00,1,1.2,1.4,,,,-5.70190546,43.57011347,156.563,26264.529,XIXO3M,SC global,9,7,9,8,0,Reach RS3,824349ADB8F8C4C3,
90,,,,,,,-5.38325564,43.52375052,54.230,Global,10.6,0.014,0.014,0.014,0.020,1.934,m,FIX,RTK,2026-08-14 11:37:18.8 UTC+02:00,2026-08-14 11:37:18.8 UTC+02:00,1,1.2,1.4,,,,-5.70190546,43.57011347,156.563,26262.387,XIXO3M,SC global,9,7,9,8,0,Reach RS3,824349ADB8F8C4C3,
91,,,,,,,-5.38330512,43.52376622,54.561,Global,7.2,0.013,0.013,0.013,0.019,1.934,m,FIX,RTK,2026-08-14 11:37:31.6 UTC+02:00,2026-08-14 11:37:31.6 UTC+02:00,1,1.2,1.4,,,,-5.70190546,43.57011347,156.563,26257.930,XIXO3M,SC global,9,7,8,8,0,Reach RS3,824349ADB8F8C4C3,
92,,,,,,,-5.38334995,43.52379731,54.708,Global,8.6,0.014,0.014,0.014,0.019,1.934,m,FIX,RTK,2026-08-14 11:37:44.4 UTC+02:00,2026-08-14 11:37:44.4 UTC+02:00,1,1.2,1.4,,,,-5.70190546,43.57011347,156.563,26253.822,XIXO3M,SC global,9,7,9,8,0,Reach RS3,824349ADB8F8C4C3,
93,,,,,,,-5.38341611,43.52379571,54.954,Global,7.7,0.013,0.013,0.013,0.019,1.934,m,FIX,RTK,2026-08-14 11:37:58.4 UTC+02:00,2026-08-14 11:37:58.4 UTC+02:00,1,1.2,1.4,,,,-5.70190546,43.57011347,156.563,26248.646,XIXO3M,SC global,9,7,9,8,0,Reach RS3,824349ADB8F8C4C3,
94,,,,,,,-5.38343212,43.52378784,54.967,Global,4.5,0.013,0.013,0.013,0.019,1.934,m,FIX,RTK,2026-08-14 11:39:21.4 UTC+02:00,2026-08-14 11:39:21.4 UTC+02:00,1,1.2,1.4,,,,-5.70190546,43.57011347,156.563,26247.139,XIXO3M,SC global,9,7,9,8,0,Reach RS3,824349ADB8F8C4C3,
95,,,,,,,-5.38351766,43.52378623,55.636,Global,10.4,0.014,0.014,0.014,0.020,1.934,m,FIX,RTK,2026-08-14 11:39:38.4 UTC+02:00,2026-08-14 11:39:38.4 UTC+02:00,1,1.2,1.4,,,,-5.70190546,43.57011347,156.563,26240.890,XIXO3M,SC global,9,7,9,8,0,Reach RS3,824349ADB8F8C4C3,
96,,,,,,,-5.38353763,43.52379196,55.614,Global,7.7,0.013,0.013,0.013,0.019,1.934,m,FIX,RTK,2026-08-14 11:39:48.2 UTC+02:00,2026-08-14 11:39:48.2 UTC+02:00,1,1.2,1.4,,,,-5.70190546,43.57011347,156.563,26238.957,XIXO3M,SC global,9,8,9,8,0,Reach RS3,824349ADB8F8C4C3,
97,,,,,,,-5.38356133,43.52381605,55.505,Global,3.0,0.013,0.013,0.012,0.018,1.934,m,FIX,RTK,2026-08-14 11:39:58.0 UTC+02:00,2026-08-14 11:39:58.0 UTC+02:00,1,1.2,1.4,,,,-5.70190546,43.57011347,156.563,26236.389,XIXO3M,SC global,9,8,9,8,0,Reach RS3,824349ADB8F8C4C3,
98,,,,,,,-5.38361549,43.52382863,55.165,Global,9.6,0.013,0.013,0.014,0.019,1.934,m,FIX,RTK,2026-08-14 11:40:08.2 UTC+02:00,2026-08-14 11:40:08.2 UTC+02:00,1,1.2,1.4,,,,-5.70190546,43.57011347,156.563,26232.165,XIXO3M,SC global,9,8,9,8,0,Reach RS3,824349ADB8F8C4C3,
99,,,,,,,-5.38363390,43.52383623,55.068,Global,1.1,0.012,0.012,0.011,0.017,1.934,m,FIX,RTK,2026-08-14 11:40:19.4 UTC+02:00,2026-08-14 11:40:19.4 UTC+02:00,1,1.2,1.4,,,,-5.70190546,43.57011347,156.563,26230.272,XIXO3M,SC global,9,7,9,8,0,Reach RS3,824349ADB8F8C4C3,
100,,,,,,,-5.38365361,43.52385518,54.811,Global,4.1,0.013,0.013,0.012,0.018,1.934,m,FIX,RTK,2026-08-14 11:40:27.8 UTC+02:00,2026-08-14 11:40:27.8 UTC+02:00,1,1.2,1.4,,,,-5.70190546,43.57011347,156.563,26228.396,XIXO3M,SC global,9,8,9,8,0,Reach RS3,824349ADB8F8C4C3,
101,,,,,,,-5.38370328,43.52392526,54.182,Global,9.7,0.014,0.014,0.014,0.019,1.934,m,FIX,RTK,2026-08-14 11:40:46.2 UTC+02:00,2026-08-14 11:40:46.2 UTC+02:00,1,1.2,1.4,,,,-5.70190546,43.57011347,156.563,26222.962,XIXO3M,SC global,9,8,9,8,0,Reach RS3,824349ADB8F8C4C3,
102,,,,,,,-5.38378260,43.52394226,54.108,Global,4.7,0.013,0.013,0.012,0.018,1.934,m,FIX,RTK,2026-08-14 11:42:06.6 UTC+02:00,2026-08-14 11:42:06.6 UTC+02:00,1,1.2,1.4,,,,-5.70190546,43.57011347,156.563,26216.246,XIXO3M,SC global,9,7,9,8,0,Reach RS3,824349ADB8F8C4C3,
103,,,,,,,-5.38397249,43.52395074,54.121,Global,5.0,0.013,0.013,0.013,0.019,1.934,m,FIX,RTK,2026-08-14 11:42:27.8 UTC+02:00,2026-08-14 11:42:27.8 UTC+02:00,1,1.2,1.4,,,,-5.70190546,43.57011347,156.563,26201.055,XIXO3M,SC global,9,7,9,8,0,Reach RS3,824349ADB8F8C4C3,
104,,,,,,,-5.38411330,43.52395478,54.112,Global,5.4,0.013,0.013,0.013,0.019,1.934,m,FIX,RTK,2026-08-14 11:42:56.8 UTC+02:00,2026-08-14 11:42:56.8 UTC+02:00,1,1.2,1.4,,,,-5.70190546,43.57011347,156.563,26189.821,XIXO3M,SC global,9,7,9,8,0,Reach RS3,824349ADB8F8C4C3,
105,,,,,,,-5.38426491,43.52396660,54.098,Global,6.7,0.014,0.014,0.014,0.020,1.934,m,FIX,RTK,2026-08-14 11:43:26.0 UTC+02:00,2026-08-14 11:43:26.0 UTC+02:00,1,1.2,1.4,,,,-5.70190546,43.57011347,156.563,26177.580,XIXO3M,SC global,10,7,9,8,0,Reach RS3,824349ADB8F8C4C3,
106,,,,,,,-5.38436081,43.52394730,54.082,Global,5.2,0.013,0.013,0.013,0.019,1.934,m,FIX,RTK,2026-08-14 11:43:48.0 UTC+02:00,2026-08-14 11:43:48.0 UTC+02:00,1,1.2,1.4,,,,-5.70190546,43.57011347,156.563,26170.317,XIXO3M,SC global,10,7,9,8,0,Reach RS3,824349ADB8F8C4C3,
107,,,,,,,-5.38450708,43.52391139,54.092,Global,6.0,0.013,0.013,0.015,0.018,1.934,m,FIX,RTK,2026-08-14 11:44:10.2 UTC+02:00,2026-08-14 11:44:10.2 UTC+02:00,1,1.2,1.4,,,,-5.70190546,43.57011347,156.563,26159.551,XIXO3M,SC global,10,7,9,8,0,Reach RS3,824349ADB8F8C4C3,
108,,,,,,,-5.38463625,43.52387310,54.126,Global,4.7,0.013,0.013,0.015,0.019,1.934,m,FIX,RTK,2026-08-14 11:44:28.4 UTC+02:00,2026-08-14 11:44:28.4 UTC+02:00,1,1.2,1.4,,,,-5.70190546,43.57011347,156.563,26150.094,XIXO3M,SC global,10,7,8,8,0,Reach RS3,824349ADB8F8C4C3,
109,,,,,,,-5.38488767,43.52380560,54.095,Global,7.0,0.014,0.014,0.015,0.019,1.934,m,FIX,RTK,2026-08-14 11:44:58.6 UTC+02:00,2026-08-14 11:44:58.6 UTC+02:00,1,1.2,1.4,,,,-5.70190546,43.57011347,156.563,26131.736,XIXO3M,SC global,10,7,9,8,0,Reach RS3,824349ADB8F8C4C3,
110,,,,,,,-5.38513306,43.52375054,54.062,Global,3.8,0.013,0.013,0.015,0.018,1.934,m,FIX,RTK,2026-08-14 11:45:27.8 UTC+02:00,2026-08-14 11:45:27.8 UTC+02:00,1,1.2,1.4,,,,-5.70190546,43.57011347,156.563,26113.463,XIXO3M,SC global,10,7,8,8,0,Reach RS3,824349ADB8F8C4C3,
111,,,,,,,-5.38524794,43.52369906,54.074,Global,6.4,0.013,0.013,0.016,0.019,1.934,m,FIX,RTK,2026-08-14 11:45:47.8 UTC+02:00,2026-08-14 11:45:47.8 UTC+02:00,1,1.2,1.4,,,,-5.70190546,43.57011347,156.563,26105.484,XIXO3M,SC global,10,7,9,8,0,Reach RS3,824349ADB8F8C4C3,
112,,,,,,,-5.38530979,43.52363321,54.099,Global,5.8,0.013,0.013,0.017,0.018,1.934,m,FIX,RTK,2026-08-14 11:46:03.0 UTC+02:00,2026-08-14 11:46:03.0 UTC+02:00,1,1.2,1.4,,,,-5.70190546,43.57011347,156.563,26102.075,XIXO3M,SC global,10,7,9,8,0,Reach RS3,824349ADB8F8C4C3,
113,,,,,,,-5.38537404,43.52355052,54.605,Global,8.7,0.014,0.014,0.019,0.019,1.934,m,FIX,RTK,2026-08-14 11:46:21.4 UTC+02:00,2026-08-14 11:46:21.4 UTC+02:00,1,1.2,1.4,,,,-5.70190546,43.57011347,156.563,26098.505,XIXO3M,SC global,10,7,8,8,0,Reach RS3,824349ADB8F8C4C3,
114,,,,,,,-5.38536643,43.52353316,54.876,Global,11.0,0.015,0.015,0.021,0.021,1.934,m,FIX,RTK,2026-08-14 11:46:37.0 UTC+02:00,2026-08-14 11:46:37.0 UTC+02:00,1,1.2,1.4,,,,-5.70190546,43.57011347,156.563,26099.362,XIXO3M,SC global,10,7,8,8,0,Reach RS3,824349ADB8F8C4C3,
115,,,,,,,-5.38552657,43.52351715,54.553,Global,5.6,0.013,0.013,0.017,0.018,1.934,m,FIX,RTK,2026-08-14 11:47:19.2 UTC+02:00,2026-08-14 11:47:19.2 UTC+02:00,1,1.2,1.4,,,,-5.70190546,43.57011347,156.563,26087.450,XIXO3M,SC global,10,7,8,8,0,Reach RS3,824349ADB8F8C4C3,
116,,,,,,,-5.38567143,43.52348635,54.494,Global,2.0,0.012,0.012,0.015,0.017,1.934,m,FIX,RTK,2026-08-14 11:47:41.6 UTC+02:00,2026-08-14 11:47:41.6 UTC+02:00,1,1.2,1.4,,,,-5.70190546,43.57011347,156.563,26076.494,XIXO3M,SC global,10,7,8,8,0,Reach RS3,824349ADB8F8C4C3,
117,,,,,,,-5.38583087,43.52349964,54.099,Global,1.7,0.013,0.013,0.016,0.018,1.934,m,FIX,RTK,2026-08-14 11:47:57.8 UTC+02:00,2026-08-14 11:47:57.8 UTC+02:00,1,1.2,1.4,,,,-5.70190546,43.57011347,156.563,26063.635,XIXO3M,SC global,10,7,8,8,0,Reach RS3,824349ADB8F8C4C3,
118,,,,,,,-5.38599671,43.52347701,54.095,Global,2.2,0.012,0.012,0.015,0.017,1.934,m,FIX,RTK,2026-08-14 11:48:16.8 UTC+02:00,2026-08-14 11:48:16.8 UTC+02:00,1,1.2,1.4,,,,-5.70190546,43.57011347,156.563,26051.039,XIXO3M,SC global,10,7,8,8,0,Reach RS3,824349ADB8F8C4C3,
119,,,,,,,-5.38614691,43.52345886,54.059,Global,4.1,0.013,0.013,0.016,0.018,1.934,m,FIX,RTK,2026-08-14 11:48:40.6 UTC+02:00,2026-08-14 11:48:40.6 UTC+02:00,1,1.2,1.4,,,,-5.70190546,43.57011347,156.563,26039.641,XIXO3M,SC global,10,7,8,8,0,Reach RS3,824349ADB8F8C4C3,
120,,,,,,,-5.38623900,43.52343111,54.216,Global,1.0,0.012,0.012,0.016,0.018,1.934,m,FIX,RTK,2026-08-14 11:48:52.8 UTC+02:00,2026-08-14 11:48:52.8 UTC+02:00,1,1.2,1.4,,,,-5.70190546,43.57011347,156.563,26032.873,XIXO3M,SC global,10,7,8,8,0,Reach RS3,824349ADB8F8C4C3,
121,,,,,,,-5.38640357,43.52337599,54.352,Global,0.1,0.012,0.012,0.014,0.017,1.934,m,FIX,RTK,2026-08-14 11:49:15.0 UTC+02:00,2026-08-14 11:49:15.0 UTC+02:00,1,1.2,1.4,,,,-5.70190546,43.57011347,156.563,26021.040,XIXO3M,SC global,10,7,8,8,0,Reach RS3,824349ADB8F8C4C3,
122,,,,,,,-5.38653751,43.52331182,54.209,Global,2.5,0.013,0.013,0.015,0.018,1.934,m,FIX,RTK,2026-08-14 11:49:32.4 UTC+02:00,2026-08-14 11:49:32.4 UTC+02:00,1,1.2,1.4,,,,-5.70190546,43.57011347,156.563,26011.952,XIXO3M,SC global,10,7,8,8,0,Reach RS3,824349ADB8F8C4C3,
123,,,,,,,-5.38667658,43.52324116,54.379,Global,1.1,0.012,0.012,0.014,0.017,1.934,m,FIX,RTK,2026-08-14 11:49:51.2 UTC+02:00,2026-08-14 11:49:51.2 UTC+02:00,1,1.2,1.4,,,,-5.70190546,43.57011347,156.563,26002.434,XIXO3M,SC global,10,7,8,8,0,Reach RS3,824349ADB8F8C4C3,
124,,,,,,,-5.38681255,43.52320887,54.486,Global,1.6,0.012,0.012,0.014,0.018,1.934,m,FIX,RTK,2026-08-14 11:50:06.8 UTC+02:00,2026-08-14 11:50:06.8 UTC+02:00,1,1.2,1.4,,,,-5.70190546,43.57011347,156.563,25992.376,XIXO3M,SC global,10,7,8,8,0,Reach RS3,824349ADB8F8C4C3,
125,,,,,,,-5.38695895,43.52318373,54.742,Global,5.5,0.016,0.016,0.018,0.023,1.934,m,FIX,RTK,2026-08-14 11:50:22.4 UTC+02:00,2026-08-14 11:50:22.4 UTC+02:00,1,1.2,1.4,,,,-5.70190546,43.57011347,156.563,25981.513,XIXO3M,SC global,11,7,8,8,0,Reach RS3,824349ADB8F8C4C3,
126,,,,,,,-5.38703865,43.52316343,54.763,Global,3.3,0.017,0.017,0.019,0.024,1.934,m,FIX,RTK,2026-08-14 11:50:32.6 UTC+02:00,2026-08-14 11:50:32.6 UTC+02:00,1,1.2,1.4,,,,-5.70190546,43.57011347,156.563,25975.612,XIXO3M,SC global,10,7,8,8,0,Reach RS3,824349ADB8F8C4C3,
127,,,,,,,-5.38721299,43.52313122,54.659,Global,0.9,0.012,0.012,0.015,0.017,1.934,m,FIX,RTK,2026-08-14 11:50:57.6 UTC+02:00,2026-08-14 11:50:57.6 UTC+02:00,1,1.2,1.4,,,,-5.70190546,43.57011347,156.563,25962.453,XIXO3M,SC global,10,7,8,8,0,Reach RS3,824349ADB8F8C4C3,
128,,,,,,,-5.38733863,43.52310867,54.532,Global,0.6,0.012,0.012,0.015,0.017,1.934,m,FIX,RTK,2026-08-14 11:51:17.0 UTC+02:00,2026-08-14 11:51:17.0 UTC+02:00,1,1.2,1.4,,,,-5.70190546,43.57011347,156.563,25953.003,XIXO3M,SC global,10,7,8,8,0,Reach RS3,824349ADB8F8C4C3,
129,,,,,,,-5.38750086,43.52306645,54.350,Global,0.4,0.012,0.012,0.015,0.017,1.934,m,FIX,RTK,2026-08-14 11:51:38.4 UTC+02:00,2026-08-14 11:51:38.4 UTC+02:00,1,1.2,1.4,,,,-5.70190546,43.57011347,156.563,25941.126,XIXO3M,SC global,10,7,8,8,0,Reach RS3,824349ADB8F8C4C3,
130,,,,,,,-5.38759846,43.52305739,54.466,Global,5.8,0.018,0.018,0.020,0.025,1.934,m,FIX,RTK,2026-08-14 11:51:51.6 UTC+02:00,2026-08-14 11:51:51.6 UTC+02:00,1,1.2,1.4,,,,-5.70190546,43.57011347,156.563,25933.783,XIXO3M,SC global,10,7,8,8,0,Reach RS3,824349ADB8F8C4C3,
131,,,,,,,-5.38768057,43.52305027,54.286,Global,6.0,0.017,0.017,0.020,0.024,1.934,m,FIX,RTK,2026-08-14 11:52:02.2 UTC+02:00,2026-08-14 11:52:02.2 UTC+02:00,1,1.2,1.4,,,,-5.70190546,43.57011347,156.563,25927.435,XIXO3M,SC global,10,7,8,8,0,Reach RS3,824349ADB8F8C4C3,
132,,,,,,,-5.38776887,43.52303422,54.199,Global,2.5,0.013,0.013,0.015,0.019,1.934,m,FIX,RTK,2026-08-14 11:52:13.8 UTC+02:00,2026-08-14 11:52:13.8 UTC+02:00,1,1.2,1.4,,,,-5.70190546,43.57011347,156.563,25920.583,XIXO3M,SC global,10,7,8,8,0,Reach RS3,824349ADB8F8C4C3,
133,,,,,,,-5.38785410,43.52299166,54.259,Global,2.3,0.013,0.013,0.017,0.018,1.934,m,FIX,RTK,2026-08-14 11:52:25.8 UTC+02:00,2026-08-14 11:52:25.8 UTC+02:00,1,1.2,1.4,,,,-5.70190546,43.57011347,156.563,25914.885,XIXO3M,SC global,10,7,8,8,0,Reach RS3,824349ADB8F8C4C3,
134,,,,,,,-5.38790468,43.52293444,54.272,Global,0.4,0.012,0.012,0.014,0.017,1.934,m,FIX,RTK,2026-08-14 11:52:37.2 UTC+02:00,2026-08-14 11:52:37.2 UTC+02:00,1,1.2,1.4,,,,-5.70190546,43.57011347,156.563,25912.160,XIXO3M,SC global,10,7,8,8,0,Reach RS3,824349ADB8F8C4C3,
135,,,,,,,-5.38792194,43.52287648,54.419,Global,2.5,0.012,0.012,0.015,0.018,1.934,m,FIX,RTK,2026-08-14 11:52:49.6 UTC+02:00,2026-08-14 11:52:49.6 UTC+02:00,1,1.2,1.4,,,,-5.70190546,43.57011347,156.563,25912.139,XIXO3M,SC global,10,7,8,8,0,Reach RS3,824349ADB8F8C4C3,
136,,,,,,,-5.38791354,43.52281968,54.520,Global,2.6,0.013,0.013,0.014,0.018,1.934,m,FIX,RTK,2026-08-14 11:53:01.4 UTC+02:00,2026-08-14 11:53:01.4 UTC+02:00,1,1.2,1.4,,,,-5.70190546,43.57011347,156.563,25914.138,XIXO3M,SC global,10,7,8,8,0,Reach RS3,824349ADB8F8C4C3,
137,,,,,,,-5.38793148,43.52276839,54.921,Global,2.7,0.013,0.013,0.015,0.018,1.934,m,FIX,RTK,2026-08-14 11:53:19.4 UTC+02:00,2026-08-14 11:53:19.4 UTC+02:00,1,1.2,1.4,,,,-5.70190546,43.57011347,156.563,25913.886,XIXO3M,SC global,10,7,8,8,0,Reach RS3,824349ADB8F8C4C3,
138,,,,,,,-5.38787099,43.52268457,53.939,Global,0.8,0.012,0.012,0.012,0.017,1.934,m,FIX,RTK,2026-08-14 11:55:10.4 UTC+02:00,2026-08-14 11:55:10.4 UTC+02:00,1,1.2,1.4,,,,-5.70190546,43.57011347,156.563,25920.491,XIXO3M,SC global,10,7,8,8,0,Reach RS3,824349ADB8F8C4C3,
139,,,,,,,-5.38785731,43.52262918,53.657,Global,2.6,0.013,0.013,0.012,0.018,1.934,m,FIX,RTK,2026-08-14 11:55:20.6 UTC+02:00,2026-08-14 11:55:20.6 UTC+02:00,1,1.2,1.4,,,,-5.70190546,43.57011347,156.563,25922.865,XIXO3M,SC global,10,7,8,8,0,Reach RS3,824349ADB8F8C4C3,
140,,,,,,,-5.38785335,43.52254331,53.464,Global,0.2,0.012,0.012,0.013,0.017,1.934,m,FIX,RTK,2026-08-14 11:55:34.8 UTC+02:00,2026-08-14 11:55:34.8 UTC+02:00,1,1.2,1.4,,,,-5.70190546,43.57011347,156.563,25925.124,XIXO3M,SC global,10,7,8,8,0,Reach RS3,824349ADB8F8C4C3,
141,,,,,,,-5.38784254,43.52248748,53.092,Global,0.4,0.013,0.013,0.014,0.019,1.934,m,FIX,RTK,2026-08-14 11:55:43.8 UTC+02:00,2026-08-14 11:55:43.8 UTC+02:00,1,1.2,1.4,,,,-5.70190546,43.57011347,156.563,25927.251,XIXO3M,SC global,10,7,8,8,0,Reach RS3,824349ADB8F8C4C3,
142,,,,,,,-5.38784227,43.52245182,53.101,Global,1.9,0.013,0.013,0.013,0.018,1.934,m,FIX,RTK,2026-08-14 11:55:50.8 UTC+02:00,2026-08-14 11:55:50.8 UTC+02:00,1,1.2,1.4,,,,-5.70190546,43.57011347,156.563,25928.061,XIXO3M,SC global,10,7,8,8,0,Reach RS3,824349ADB8F8C4C3,
143,,,,,,,-5.38782181,43.52241689,53.498,Global,1.1,0.012,0.012,0.011,0.017,1.934,m,FIX,RTK,2026-08-14 11:56:59.6 UTC+02:00,2026-08-14 11:56:59.6 UTC+02:00,1,1.2,1.4,,,,-5.70190546,43.57011347,156.563,25930.472,XIXO3M,SC global,10,7,8,8,0,Reach RS3,824349ADB8F8C4C3,
144,,,,,,,-5.38784335,43.52234388,53.276,Global,2.8,0.014,0.014,0.013,0.020,1.934,m,FIX,RTK,2026-08-14 11:57:21.0 UTC+02:00,2026-08-14 11:57:21.0 UTC+02:00,1,1.2,1.4,,,,-5.70190546,43.57011347,156.563,25930.391,XIXO3M,SC global,10,7,8,8,0,Reach RS3,824349ADB8F8C4C3,
145,,,,,,,-5.38783870,43.52230093,53.176,Global,1.5,0.013,0.013,0.012,0.018,1.934,m,FIX,RTK,2026-08-14 11:57:28.0 UTC+02:00,2026-08-14 11:57:28.0 UTC+02:00,1,1.2,1.4,,,,-5.70190546,43.57011347,156.563,25931.860,XIXO3M,SC global,10,7,8,8,0,Reach RS3,824349ADB8F8C4C3,
146,,,,,,,-5.38782481,43.52226732,53.487,Global,3.8,0.014,0.014,0.014,0.019,1.934,m,FIX,RTK,2026-08-14 11:57:34.0 UTC+02:00,2026-08-14 11:57:34.0 UTC+02:00,1,1.2,1.4,,,,-5.70190546,43.57011347,156.563,25933.621,XIXO3M,SC global,11,7,8,8,0,Reach RS3,824349ADB8F8C4C3,
147,,,,,,,-5.38782505,43.52220028,53.516,Global,1.2,0.013,0.013,0.012,0.018,1.934,m,FIX,RTK,2026-08-14 11:57:43.6 UTC+02:00,2026-08-14 11:57:43.6 UTC+02:00,1,1.2,1.4,,,,-5.70190546,43.57011347,156.563,25935.202,XIXO3M,SC global,10,7,8,8,0,Reach RS3,824349ADB8F8C4C3,
148,,,,,,,-5.38781372,43.52211448,53.575,Global,0.3,0.012,0.012,0.011,0.017,1.934,m,FIX,RTK,2026-08-14 11:57:55.8 UTC+02:00,2026-08-14 11:57:55.8 UTC+02:00,1,1.2,1.4,,,,-5.70190546,43.57011347,156.563,25938.095,XIXO3M,SC global,10,7,8,8,0,Reach RS3,824349ADB8F8C4C3,
149,,,,,,,-5.38775753,43.52205826,53.560,Global,1.9,0.012,0.012,0.011,0.018,1.934,m,FIX,RTK,2026-08-14 11:58:07.2 UTC+02:00,2026-08-14 11:58:07.2 UTC+02:00,1,1.2,1.4,,,,-5.70190546,43.57011347,156.563,25943.836,XIXO3M,SC global,10,7,8,8,0,Reach RS3,824349ADB8F8C4C3,
150,,,,,,,-5.38770521,43.52201216,53.556,Global,0.9,0.012,0.012,0.011,0.017,1.934,m,FIX,RTK,2026-08-14 11:58:18.6 UTC+02:00,2026-08-14 11:58:18.6 UTC+02:00,1,1.2,1.4,,,,-5.70190546,43.57011347,156.563,25949.064,XIXO3M,SC global,11,7,8,8,0,Reach RS3,824349ADB8F8C4C3,
151,,,,,,,-5.38766629,43.52196052,53.534,Global,1.1,0.013,0.013,0.013,0.018,1.934,m,FIX,RTK,2026-08-14 11:58:29.4 UTC+02:00,2026-08-14 11:58:29.4 UTC+02:00,1,1.2,1.4,,,,-5.70190546,43.57011347,156.563,25953.276,XIXO3M,SC global,11,7,8,8,0,Reach RS3,824349ADB8F8C4C3,
152,,,,,,,-5.38764662,43.52191502,53.235,Global,3.0,0.013,0.013,0.012,0.018,1.934,m,FIX,RTK,2026-08-14 11:58:40.4 UTC+02:00,2026-08-14 11:58:40.4 UTC+02:00,1,1.2,1.4,,,,-5.70190546,43.57011347,156.563,25955.812,XIXO3M,SC global,11,7,8,8,0,Reach RS3,824349ADB8F8C4C3,
153,,,,,,,-5.38763088,43.52187362,53.526,Global,1.1,0.012,0.012,0.013,0.017,1.934,m,FIX,RTK,2026-08-14 11:59:09.8 UTC+02:00,2026-08-14 11:59:09.8 UTC+02:00,1,1.2,1.4,,,,-5.70190546,43.57011347,156.563,25958.104,XIXO3M,SC global,11,7,8,8,0,Reach RS3,824349ADB8F8C4C3,
154,,,,,,,-5.38762110,43.52178588,53.507,Global,6.6,0.016,0.016,0.021,0.023,1.934,m,FIX,RTK,2026-08-14 11:59:23.4 UTC+02:00,2026-08-14 11:59:23.4 UTC+02:00,1,1.2,1.4,,,,-5.70190546,43.57011347,156.563,25961.089,XIXO3M,SC global,10,7,8,8,0,Reach RS3,824349ADB8F8C4C3,
155,,,,,,,-5.38761138,43.52172833,53.501,Global,1.0,0.012,0.012,0.012,0.017,1.934,m,FIX,RTK,2026-08-14 11:59:34.2 UTC+02:00,2026-08-14 11:59:34.2 UTC+02:00,1,1.2,1.4,,,,-5.70190546,43.57011347,156.563,25963.012,XIXO3M,SC global,10,7,8,8,0,Reach RS3,824349ADB8F8C4C3,
156,,,,,,,-5.38754466,43.52167019,53.533,Global,1.3,0.013,0.013,0.014,0.018,1.934,m,FIX,RTK,2026-08-14 11:59:46.6 UTC+02:00,2026-08-14 11:59:46.6 UTC+02:00,1,1.2,1.4,,,,-5.70190546,43.57011347,156.563,25969.608,XIXO3M,SC global,10,7,8,8,0,Reach RS3,824349ADB8F8C4C3,
157,,,,,,,-5.38744244,43.52163073,53.555,Global,1.2,0.012,0.012,0.016,0.017,1.934,m,FIX,RTK,2026-08-14 12:00:08.6 UTC+02:00,2026-08-14 12:00:08.6 UTC+02:00,1,1.2,1.4,,,,-5.70190546,43.57011347,156.563,25978.644,XIXO3M,SC global,10,7,8,8,0,Reach RS3,824349ADB8F8C4C3,
158,,,,,,,-5.38738871,43.52158357,53.419,Global,0.7,0.012,0.012,0.015,0.017,1.934,m,FIX,RTK,2026-08-14 12:01:50.4 UTC+02:00,2026-08-14 12:01:50.4 UTC+02:00,1,1.2,1.4,,,,-5.70190546,43.57011347,156.563,25983.982,XIXO3M,SC global,10,8,8,8,0,Reach RS3,824349ADB8F8C4C3,
159,,,,,,,-5.38735394,43.52157975,53.227,Global,3.0,0.013,0.013,0.017,0.018,1.934,m,FIX,RTK,2026-08-14 12:01:58.8 UTC+02:00,2026-08-14 12:01:58.8 UTC+02:00,1,1.2,1.4,,,,-5.70190546,43.57011347,156.563,25986.836,XIXO3M,SC global,10,8,8,8,0,Reach RS3,824349ADB8F8C4C3,
160,,,,,,,-5.38730742,43.52155092,53.501,Global,1.3,0.012,0.012,0.024,0.017,1.934,m,FIX,RTK,2026-08-14 12:02:10.6 UTC+02:00,2026-08-14 12:02:10.6 UTC+02:00,1,1.2,1.4,,,,-5.70190546,43.57011347,156.563,25991.167,XIXO3M,SC global,10,8,8,8,0,Reach RS3,824349ADB8F8C4C3,
161,,,,,,,-5.38731469,43.52146948,53.479,Global,1.0,0.012,0.012,0.019,0.017,1.934,m,FIX,RTK,2026-08-14 12:02:34.8 UTC+02:00,2026-08-14 12:02:34.8 UTC+02:00,1,1.1,1.4,,,,-5.70190546,43.57011347,156.563,25992.486,XIXO3M,SC global,10,8,8,8,0,Reach RS3,824349ADB8F8C4C3,
162,,,,,,,-5.38726509,43.52139036,53.463,Global,15.9,0.025,0.025,0.040,0.035,1.934,m,FIX,RTK,2026-08-14 12:03:09.4 UTC+02:00,2026-08-14 12:03:09.4 UTC+02:00,1,1.1,1.3,,,,-5.70190546,43.57011347,156.563,25998.015,XIXO3M,SC global,10,8,8,8,0,Reach RS3,824349ADB8F8C4C3,
163,,,,,,,-5.38719154,43.52132301,53.421,Global,0.3,0.013,0.013,0.025,0.018,1.934,m,FIX,RTK,2026-08-14 12:03:24.6 UTC+02:00,2026-08-14 12:03:24.6 UTC+02:00,1,1.2,1.4,,,,-5.70190546,43.57011347,156.563,26005.658,XIXO3M,SC global,10,8,8,8,0,Reach RS3,824349ADB8F8C4C3,
165,,,,,,,-5.38710528,43.52121818,53.377,Global,1.4,0.013,0.013,0.021,0.019,1.934,m,FIX,RTK,2026-08-14 12:03:47.6 UTC+02:00,2026-08-14 12:03:47.6 UTC+02:00,1,1.1,1.3,,,,-5.70190546,43.57011347,156.563,26014.894,XIXO3M,SC global,10,8,8,8,0,Reach RS3,824349ADB8F8C4C3,
166,,,,,,,-5.38715354,43.52115186,53.290,Global,2.1,0.012,0.012,0.019,0.018,1.934,m,FIX,RTK,2026-08-14 12:04:05.2 UTC+02:00,2026-08-14 12:04:05.2 UTC+02:00,1,1.1,1.3,,,,-5.70190546,43.57011347,156.563,26012.609,XIXO3M,SC global,11,8,8,8,0,Reach RS3,824349ADB8F8C4C3,
167,,,,,,,-5.38717102,43.52112796,53.509,Global,31.7,0.019,0.019,0.034,0.027,1.934,m,FIX,RTK,2026-08-14 12:04:17.4 UTC+02:00,2026-08-14 12:04:17.4 UTC+02:00,1,1.1,1.3,,,,-5.70190546,43.57011347,156.563,26012.428,XIXO3M,SC global,11,8,8,8,0,Reach RS3,824349ADB8F8C4C3,
168,,,,,,,-5.38716868,43.52111792,53.148,Global,2.6,0.015,0.014,0.026,0.020,1.934,m,FIX,RTK,2026-08-14 12:04:48.0 UTC+02:00,2026-08-14 12:04:48.0 UTC+02:00,1,1.1,1.3,,,,-5.70190546,43.57011347,156.563,26012.350,XIXO3M,SC global,10,8,8,8,0,Reach RS3,824349ADB8F8C4C3,
169,,,,,,,-5.38716397,43.52105485,53.075,Global,2.5,0.012,0.012,0.022,0.018,1.934,m,FIX,RTK,2026-08-14 12:05:21.8 UTC+02:00,2026-08-14 12:05:21.8 UTC+02:00,1,1.1,1.3,,,,-5.70190546,43.57011347,156.563,26014.193,XIXO3M,SC global,11,8,8,8,0,Reach RS3,824349ADB8F8C4C3,
170,,,,,,,-5.38709145,43.52097589,53.023,Global,0.4,0.012,0.012,0.020,0.017,1.934,m,FIX,RTK,2026-08-14 12:05:39.6 UTC+02:00,2026-08-14 12:05:39.6 UTC+02:00,1,1.1,1.3,,,,-5.70190546,43.57011347,156.563,26021.691,XIXO3M,SC global,11,8,8,8,0,Reach RS3,824349ADB8F8C4C3,
171,,,,,,,-5.38698933,43.52093509,53.020,Global,9.3,0.019,0.019,0.024,0.027,1.934,m,FIX,RTK,2026-08-14 12:05:52.0 UTC+02:00,2026-08-14 12:05:52.0 UTC+02:00,1,1.1,1.3,,,,-5.70190546,43.57011347,156.563,26030.425,XIXO3M,SC global,11,8,8,8,0,Reach RS3,824349ADB8F8C4C3,
172,,,,,,,-5.38688490,43.52088757,52.987,Global,0.8,0.012,0.012,0.016,0.017,1.934,m,FIX,RTK,2026-08-14 12:06:05.8 UTC+02:00,2026-08-14 12:06:05.8 UTC+02:00,1,1.1,1.3,,,,-5.70190546,43.57011347,156.563,26040.114,XIXO3M,SC global,10,8,8,8,0,Reach RS3,824349ADB8F8C4C3,
173,,,,,,,-5.38679138,43.52082960,53.013,Global,0.7,0.012,0.012,0.016,0.017,1.934,m,FIX,RTK,2026-08-14 12:06:22.8 UTC+02:00,2026-08-14 12:06:22.8 UTC+02:00,1,1.1,1.3,,,,-5.70190546,43.57011347,156.563,26048.833,XIXO3M,SC global,10,8,8,8,0,Reach RS3,824349ADB8F8C4C3,
174,,,,,,,-5.38674129,43.52078633,53.085,Global,7.2,0.014,0.014,0.019,0.020,1.934,m,FIX,RTK,2026-08-14 12:06:32.6 UTC+02:00,2026-08-14 12:06:32.6 UTC+02:00,1,1.1,1.3,,,,-5.70190546,43.57011347,156.563,26053.592,XIXO3M,SC global,10,8,8,8,0,Reach RS3,824349ADB8F8C4C3,
175,,,,,,,-5.38670906,43.52073683,53.373,Global,0.4,0.012,0.012,0.016,0.017,1.934,m,FIX,RTK,2026-08-14 12:06:57.8 UTC+02:00,2026-08-14 12:06:57.8 UTC+02:00,1,1.1,1.3,,,,-5.70190546,43.57011347,156.563,26057.549,XIXO3M,SC global,10,8,8,8,0,Reach RS3,824349ADB8F8C4C3,
176,,,,,,,-5.38667495,43.52069595,53.399,Global,1.3,0.013,0.013,0.024,0.019,1.934,m,FIX,RTK,2026-08-14 12:07:07.2 UTC+02:00,2026-08-14 12:07:07.2 UTC+02:00,1,1.1,1.3,,,,-5.70190546,43.57011347,156.563,26061.228,XIXO3M,SC global,10,8,8,8,0,Reach RS3,824349ADB8F8C4C3,
177,,,,,,,-5.38661060,43.52066766,53.389,Global,1.0,0.012,0.012,0.014,0.017,1.934,m,FIX,RTK,2026-08-14 12:07:18.6 UTC+02:00,2026-08-14 12:07:18.6 UTC+02:00,1,1.1,1.3,,,,-5.70190546,43.57011347,156.563,26066.975,XIXO3M,SC global,11,8,8,8,0,Reach RS3,824349ADB8F8C4C3,
178,,,,,,,-5.38657200,43.52064228,53.444,Global,3.2,0.013,0.013,0.016,0.018,1.934,m,FIX,RTK,2026-08-14 12:07:28.2 UTC+02:00,2026-08-14 12:07:28.2 UTC+02:00,1,1.1,1.3,,,,-5.70190546,43.57011347,156.563,26070.705,XIXO3M,SC global,11,8,8,8,0,Reach RS3,824349ADB8F8C4C3,
179,,,,,,,-5.38654152,43.52056861,53.414,Global,0.9,0.012,0.012,0.015,0.017,1.934,m,FIX,RTK,2026-08-14 12:07:43.2 UTC+02:00,2026-08-14 12:07:43.2 UTC+02:00,1,1.1,1.3,,,,-5.70190546,43.57011347,156.563,26074.744,XIXO3M,SC global,11,8,8,8,0,Reach RS3,824349ADB8F8C4C3,
180,,,,,,,-5.38647400,43.52054815,53.385,Global,0.6,0.012,0.012,0.017,0.017,1.934,m,FIX,RTK,2026-08-14 12:07:53.6 UTC+02:00,2026-08-14 12:07:53.6 UTC+02:00,1,1.1,1.3,,,,-5.70190546,43.57011347,156.563,26080.583,XIXO3M,SC global,10,8,8,8,0,Reach RS3,824349ADB8F8C4C3,
181,,,,,,,-5.38641641,43.52051140,53.318,Global,0.9,0.012,0.012,0.016,0.017,1.934,m,FIX,RTK,2026-08-14 12:08:04.0 UTC+02:00,2026-08-14 12:08:04.0 UTC+02:00,1,1.1,1.3,,,,-5.70190546,43.57011347,156.563,26086.018,XIXO3M,SC global,10,8,8,8,0,Reach RS3,824349ADB8F8C4C3,
182,,,,,,,-5.38637582,43.52046006,53.212,Global,1.3,0.012,0.012,0.017,0.017,1.934,m,FIX,RTK,2026-08-14 12:08:14.8 UTC+02:00,2026-08-14 12:08:14.8 UTC+02:00,1,1.1,1.3,,,,-5.70190546,43.57011347,156.563,26090.380,XIXO3M,SC global,10,8,8,8,0,Reach RS3,824349ADB8F8C4C3,
183,,,,,,,-5.38633456,43.52039847,52.996,Global,2.0,0.012,0.012,0.016,0.017,1.934,m,FIX,RTK,2026-08-14 12:08:37.4 UTC+02:00,2026-08-14 12:08:37.4 UTC+02:00,1,1.1,1.3,,,,-5.70190546,43.57011347,156.563,26095.071,XIXO3M,SC global,11,8,8,8,0,Reach RS3,824349ADB8F8C4C3,
184,,,,,,,-5.38631600,43.52036772,52.821,Global,1.1,0.012,0.012,0.018,0.017,1.934,m,FIX,RTK,2026-08-14 12:08:54.6 UTC+02:00,2026-08-14 12:08:54.6 UTC+02:00,1,1.1,1.3,,,,-5.70190546,43.57011347,156.563,26097.297,XIXO3M,SC global,10,8,8,8,0,Reach RS3,824349ADB8F8C4C3,
185,,,,,,,-5.38630195,43.52034461,52.869,Global,2.5,0.013,0.013,0.016,0.018,1.934,m,FIX,RTK,2026-08-14 12:09:11.8 UTC+02:00,2026-08-14 12:09:11.8 UTC+02:00,1,1.1,1.3,,,,-5.70190546,43.57011347,156.563,26098.964,XIXO3M,SC global,10,8,8,8,0,Reach RS3,824349ADB8F8C4C3,
186,,,,,,,-5.38631157,43.52029882,52.814,Global,1.1,0.012,0.012,0.012,0.017,1.934,m,FIX,RTK,2026-08-14 12:09:45.8 UTC+02:00,2026-08-14 12:09:45.8 UTC+02:00,1,1.1,1.3,,,,-5.70190546,43.57011347,156.563,26099.298,XIXO3M,SC global,10,8,8,8,0,Reach RS3,824349ADB8F8C4C3,
187,,,,,,,-5.38632939,43.52026785,52.884,Global,0.2,0.012,0.012,0.014,0.017,1.934,m,FIX,RTK,2026-08-14 12:11:11.8 UTC+02:00,2026-08-14 12:11:11.8 UTC+02:00,1,1.2,1.4,,,,-5.70190546,43.57011347,156.563,26098.649,XIXO3M,SC global,10,8,8,8,0,Reach RS3,824349ADB8F8C4C3,
188,,,,,,,-5.38634775,43.52022815,52.863,Global,0.7,0.012,0.012,0.013,0.017,1.934,m,FIX,RTK,2026-08-14 12:11:25.0 UTC+02:00,2026-08-14 12:11:25.0 UTC+02:00,1,1.2,1.4,,,,-5.70190546,43.57011347,156.563,26098.132,XIXO3M,SC global,10,8,8,8,0,Reach RS3,824349ADB8F8C4C3,
189,,,,,,,-5.38637293,43.52020222,52.835,Global,4.0,0.013,0.013,0.013,0.018,1.934,m,FIX,RTK,2026-08-14 12:11:48.2 UTC+02:00,2026-08-14 12:11:48.2 UTC+02:00,1,1.2,1.4,,,,-5.70190546,43.57011347,156.563,26096.835,XIXO3M,SC global,10,8,7,8,0,Reach RS3,824349ADB8F8C4C3,
190,,,,,,,-5.38637434,43.52011926,53.095,Global,0.6,0.012,0.012,0.012,0.017,1.934,m,FIX,RTK,2026-08-14 12:12:09.0 UTC+02:00,2026-08-14 12:12:09.0 UTC+02:00,1,1.2,1.4,,,,-5.70190546,43.57011347,156.563,26098.629,XIXO3M,SC global,10,8,8,8,0,Reach RS3,824349ADB8F8C4C3,
191,,,,,,,-5.38637079,43.52005678,53.036,Global,0.2,0.012,0.012,0.011,0.017,1.934,m,FIX,RTK,2026-08-14 12:12:31.2 UTC+02:00,2026-08-14 12:12:31.2 UTC+02:00,1,1.2,1.4,,,,-5.70190546,43.57011347,156.563,26100.407,XIXO3M,SC global,10,8,8,8,0,Reach RS3,824349ADB8F8C4C3,
192,,,,,,,-5.38629411,43.51993251,52.604,Global,0.7,0.012,0.012,0.011,0.017,1.934,m,FIX,RTK,2026-08-14 12:13:50.0 UTC+02:00,2026-08-14 12:13:50.0 UTC+02:00,1,1.2,1.4,,,,-5.70190546,43.57011347,156.563,26109.444,XIXO3M,SC global,10,9,7,8,0,Reach RS3,824349ADB8F8C4C3,
193,,,,,,,-5.38623824,43.51991540,52.640,Global,2.3,0.012,0.012,0.012,0.018,1.934,m,FIX,RTK,2026-08-14 12:14:09.8 UTC+02:00,2026-08-14 12:14:09.8 UTC+02:00,1,1.2,1.4,,,,-5.70190546,43.57011347,156.563,26114.326,XIXO3M,SC global,10,9,8,8,0,Reach RS3,824349ADB8F8C4C3,
194,,,,,,,-5.38615797,43.51990293,52.658,Global,2.1,0.012,0.012,0.012,0.017,1.934,m,FIX,RTK,2026-08-14 12:14:24.6 UTC+02:00,2026-08-14 12:14:24.6 UTC+02:00,1,1.2,1.4,,,,-5.70190546,43.57011347,156.563,26120.954,XIXO3M,SC global,10,9,7,8,0,Reach RS3,824349ADB8F8C4C3,
195,,,,,,,-5.38610227,43.51986107,52.573,Global,2.5,0.013,0.013,0.016,0.018,1.934,m,FIX,RTK,2026-08-14 12:14:37.2 UTC+02:00,2026-08-14 12:14:37.2 UTC+02:00,1,1.2,1.4,,,,-5.70190546,43.57011347,156.563,26126.359,XIXO3M,SC global,10,9,8,8,0,Reach RS3,824349ADB8F8C4C3,
196,,,,,,,-5.38605640,43.51983404,52.737,Global,3.3,0.013,0.013,0.017,0.018,1.934,m,FIX,RTK,2026-08-14 12:14:47.4 UTC+02:00,2026-08-14 12:14:47.4 UTC+02:00,1,1.2,1.4,,,,-5.70190546,43.57011347,156.563,26130.641,XIXO3M,SC global,10,9,8,8,0,Reach RS3,824349ADB8F8C4C3,
197,,,,,,,-5.38603349,43.51983327,52.573,Global,3.5,0.013,0.013,0.017,0.018,1.934,m,FIX,RTK,2026-08-14 12:14:56.2 UTC+02:00,2026-08-14 12:14:56.2 UTC+02:00,1,1.2,1.4,,,,-5.70190546,43.57011347,156.563,26132.291,XIXO3M,SC global,10,9,7,8,0,Reach RS3,824349ADB8F8C4C3,
198,,,,,,,-5.38592961,43.51979528,52.695,Global,0.8,0.012,0.012,0.014,0.017,1.934,m,FIX,RTK,2026-08-14 12:15:18.8 UTC+02:00,2026-08-14 12:15:18.8 UTC+02:00,1,1.2,1.5,,,,-5.70190546,43.57011347,156.563,26141.483,XIXO3M,SC global,10,9,8,8,0,Reach RS3,824349ADB8F8C4C3,
199,,,,,,,-5.38584554,43.51978857,52.925,Global,0.7,0.012,0.012,0.014,0.017,1.934,m,FIX,RTK,2026-08-14 12:15:32.0 UTC+02:00,2026-08-14 12:15:32.0 UTC+02:00,1,1.2,1.4,,,,-5.70190546,43.57011347,156.563,26148.272,XIXO3M,SC global,10,9,8,8,0,Reach RS3,824349ADB8F8C4C3,
200,,,,,,,-5.38579676,43.51977608,53.278,Global,1.3,0.012,0.012,0.015,0.017,1.934,m,FIX,RTK,2026-08-14 12:15:40.0 UTC+02:00,2026-08-14 12:15:40.0 UTC+02:00,1,1.2,1.5,,,,-5.70190546,43.57011347,156.563,26152.482,XIXO3M,SC global,10,9,8,8,0,Reach RS3,824349ADB8F8C4C3,
201,,,,,,,-5.38567274,43.51972739,53.360,Global,11.6,0.019,0.019,0.022,0.027,1.934,m,FIX,RTK,2026-08-14 12:16:00.0 UTC+02:00,2026-08-14 12:16:00.0 UTC+02:00,1,1.2,1.5,,,,-5.70190546,43.57011347,156.563,26163.023,XIXO3M,SC global,10,9,8,8,0,Reach RS3,824349ADB8F8C4C3,
202,,,,,,,-5.38557653,43.51965971,53.349,Global,1.8,0.012,0.012,0.013,0.017,1.934,m,FIX,RTK,2026-08-14 12:16:18.0 UTC+02:00,2026-08-14 12:16:18.0 UTC+02:00,1,1.4,1.6,,,,-5.70190546,43.57011347,156.563,26172.602,XIXO3M,SC global,10,9,7,8,0,Reach RS3,824349ADB8F8C4C3,
203,,,,,,,-5.38555733,43.51964616,52.695,Global,0.8,0.012,0.012,0.016,0.017,1.934,m,FIX,RTK,2026-08-14 12:16:30.4 UTC+02:00,2026-08-14 12:16:30.4 UTC+02:00,1,1.4,1.6,,,,-5.70190546,43.57011347,156.563,26174.445,XIXO3M,SC global,10,9,8,8,0,Reach RS3,824349ADB8F8C4C3,
204,,,,,,,-5.38552485,43.51962853,52.587,Global,3.6,0.013,0.013,0.018,0.018,1.934,m,FIX,RTK,2026-08-14 12:16:39.2 UTC+02:00,2026-08-14 12:16:39.2 UTC+02:00,1,1.2,1.5,,,,-5.70190546,43.57011347,156.563,26177.480,XIXO3M,SC global,10,9,8,8,0,Reach RS3,824349ADB8F8C4C3,
205,,,,,,,-5.38546990,43.51959848,52.860,Global,4.1,0.013,0.013,0.012,0.018,1.934,m,FIX,RTK,2026-08-14 12:21:29.2 UTC+02:00,2026-08-14 12:21:29.2 UTC+02:00,1,1.1,1.3,,,,-5.70190546,43.57011347,156.563,26182.648,XIXO3M,SC global,10,9,9,8,0,Reach RS3,824349ADB8F8C4C3,
206,,,,,,,-5.38540259,43.51957258,52.629,Global,4.8,0.013,0.013,0.012,0.018,1.934,m,FIX,RTK,2026-08-14 12:21:39.4 UTC+02:00,2026-08-14 12:21:39.4 UTC+02:00,1,1.1,1.3,,,,-5.70190546,43.57011347,156.563,26188.287,XIXO3M,SC global,10,9,9,8,0,Reach RS3,824349ADB8F8C4C3,
207,,,,,,,-5.38539101,43.51957093,53.081,Global,6.5,0.013,0.013,0.013,0.019,1.934,m,FIX,RTK,2026-08-14 12:21:45.2 UTC+02:00,2026-08-14 12:21:45.2 UTC+02:00,1,1.1,1.3,,,,-5.70190546,43.57011347,156.563,26189.184,XIXO3M,SC global,10,9,9,8,0,Reach RS3,824349ADB8F8C4C3,
208,,,,,,,-5.38529842,43.51954047,53.338,Global,3.2,0.013,0.013,0.012,0.018,1.934,m,FIX,RTK,2026-08-14 12:21:58.6 UTC+02:00,2026-08-14 12:21:58.6 UTC+02:00,1,1.1,1.3,,,,-5.70190546,43.57011347,156.563,26197.341,XIXO3M,SC global,10,9,8,8,0,Reach RS3,824349ADB8F8C4C3,
209,,,,,,,-5.38526567,43.51952953,53.309,Global,5.0,0.014,0.014,0.014,0.020,1.934,m,FIX,RTK,2026-08-14 12:22:04.4 UTC+02:00,2026-08-14 12:22:04.4 UTC+02:00,1,1.1,1.3,,,,-5.70190546,43.57011347,156.563,26200.124,XIXO3M,SC global,10,9,8,8,0,Reach RS3,824349ADB8F8C4C3,
210,,,,,,,-5.38524706,43.51952848,52.875,Global,1.2,0.013,0.013,0.012,0.019,1.934,m,FIX,RTK,2026-08-14 12:22:08.4 UTC+02:00,2026-08-14 12:22:08.4 UTC+02:00,1,1.1,1.3,,,,-5.70190546,43.57011347,156.563,26201.768,XIXO3M,SC global,10,9,8,8,0,Reach RS3,824349ADB8F8C4C3,
211,,,,,,,-5.38520065,43.51951870,53.017,Global,7.7,0.014,0.014,0.014,0.019,1.934,m,FIX,RTK,2026-08-14 12:22:14.4 UTC+02:00,2026-08-14 12:22:14.4 UTC+02:00,1,1.1,1.3,,,,-5.70190546,43.57011347,156.563,26205.429,XIXO3M,SC global,10,9,8,8,0,Reach RS3,824349ADB8F8C4C3,
212,,,,,,,-5.38514583,43.51950875,53.246,Global,4.5,0.013,0.013,0.012,0.018,1.934,m,FIX,RTK,2026-08-14 12:22:23.4 UTC+02:00,2026-08-14 12:22:23.4 UTC+02:00,1,1.1,1.3,,,,-5.70190546,43.57011347,156.563,26210.095,XIXO3M,SC global,10,9,8,8,0,Reach RS3,824349ADB8F8C4C3,
213,,,,,,,-5.38506451,43.51949596,53.339,Global,5.9,0.013,0.013,0.013,0.019,1.934,m,FIX,RTK,2026-08-14 12:22:35.4 UTC+02:00,2026-08-14 12:22:35.4 UTC+02:00,1,1.1,1.3,,,,-5.70190546,43.57011347,156.563,26216.789,XIXO3M,SC global,10,9,8,8,0,Reach RS3,824349ADB8F8C4C3,
214,,,,,,,-5.38495353,43.51949525,53.428,Global,2.9,0.013,0.013,0.012,0.019,1.934,m,FIX,RTK,2026-08-14 12:23:11.4 UTC+02:00,2026-08-14 12:23:11.4 UTC+02:00,1,1.1,1.3,,,,-5.70190546,43.57011347,156.563,26225.652,XIXO3M,SC global,10,9,8,8,0,Reach RS3,824349ADB8F8C4C3,
215,,,,,,,-5.38483162,43.51948465,53.595,Global,2.9,0.013,0.013,0.012,0.018,1.934,m,FIX,RTK,2026-08-14 12:23:41.6 UTC+02:00,2026-08-14 12:23:41.6 UTC+02:00,1,1.1,1.3,,,,-5.70190546,43.57011347,156.563,26235.530,XIXO3M,SC global,10,9,7,8,0,Reach RS3,824349ADB8F8C4C3,
216,,,,,,,-5.38476160,43.51946126,53.653,Global,5.6,0.014,0.014,0.013,0.019,1.934,m,FIX,RTK,2026-08-14 12:24:00.2 UTC+02:00,2026-08-14 12:24:00.2 UTC+02:00,1,1.1,1.3,,,,-5.70190546,43.57011347,156.563,26241.540,XIXO3M,SC global,10,9,7,8,0,Reach RS3,824349ADB8F8C4C3,
217,,,,,,,-5.38465623,43.51943201,53.508,Global,8.5,0.015,0.015,0.015,0.022,1.934,m,FIX,RTK,2026-08-14 12:24:16.0 UTC+02:00,2026-08-14 12:24:16.0 UTC+02:00,1,1.1,1.3,,,,-5.70190546,43.57011347,156.563,26250.495,XIXO3M,SC global,10,9,8,8,0,Reach RS3,824349ADB8F8C4C3,
218,,,,,,,-5.38457494,43.51944281,53.893,Global,3.9,0.013,0.013,0.012,0.018,1.934,m,FIX,RTK,2026-08-14 12:24:28.8 UTC+02:00,2026-08-14 12:24:28.8 UTC+02:00,1,1.1,1.3,,,,-5.70190546,43.57011347,156.563,26256.767,XIXO3M,SC global,10,8,8,8,0,Reach RS3,824349ADB8F8C4C3,
219,,,,,,,-5.38455049,43.51942860,53.866,Global,2.1,0.012,0.012,0.011,0.017,1.934,m,FIX,RTK,2026-08-14 12:24:37.4 UTC+02:00,2026-08-14 12:24:37.4 UTC+02:00,1,1.1,1.3,,,,-5.70190546,43.57011347,156.563,26259.097,XIXO3M,SC global,10,9,8,8,0,Reach RS3,824349ADB8F8C4C3,
220,,,,,,,-5.38446237,43.51938303,53.575,Global,3.6,0.013,0.013,0.012,0.018,1.934,m,FIX,RTK,2026-08-14 12:24:59.8 UTC+02:00,2026-08-14 12:24:59.8 UTC+02:00,1,1.1,1.3,,,,-5.70190546,43.57011347,156.563,26267.102,XIXO3M,SC global,10,9,8,8,0,Reach RS3,824349ADB8F8C4C3,
221,,,,,,,-5.38441888,43.51931424,53.823,Global,7.2,0.015,0.015,0.014,0.021,1.934,m,FIX,RTK,2026-08-14 12:25:19.8 UTC+02:00,2026-08-14 12:25:19.8 UTC+02:00,1,1.1,1.3,,,,-5.70190546,43.57011347,156.563,26272.329,XIXO3M,SC global,10,9,8,8,0,Reach RS3,824349ADB8F8C4C3,
222,,,,,,,-5.38445779,43.51921610,53.785,Global,1.8,0.012,0.012,0.011,0.018,1.934,m,FIX,RTK,2026-08-14 12:25:37.4 UTC+02:00,2026-08-14 12:25:37.4 UTC+02:00,1,1.1,1.3,,,,-5.70190546,43.57011347,156.563,26271.603,XIXO3M,SC global,10,9,8,8,0,Reach RS3,824349ADB8F8C4C3,
225,,,,,,,-5.38451278,43.51916753,52.886,Global,2.0,0.012,0.012,0.011,0.017,1.934,m,FIX,RTK,2026-08-14 12:26:41.6 UTC+02:00,2026-08-14 12:26:41.6 UTC+02:00,1,1.2,1.4,,,,-5.70190546,43.57011347,156.563,26268.424,XIXO3M,SC global,10,9,8,8,0,Reach RS3,824349ADB8F8C4C3,
226,,,,,,,-5.38453354,43.51912525,53.118,Global,5.8,0.013,0.013,0.013,0.019,1.934,m,FIX,RTK,2026-08-14 12:27:45.8 UTC+02:00,2026-08-14 12:27:45.8 UTC+02:00,1,1.2,1.4,,,,-5.70190546,43.57011347,156.563,26267.858,XIXO3M,SC global,10,9,8,9,0,Reach RS3,824349ADB8F8C4C3,
227,,,,,,,-5.38454592,43.51910746,53.474,Global,0.7,0.012,0.012,0.011,0.017,1.934,m,FIX,RTK,2026-08-14 12:27:57.2 UTC+02:00,2026-08-14 12:27:57.2 UTC+02:00,1,1.2,1.4,,,,-5.70190546,43.57011347,156.563,26267.281,XIXO3M,SC global,10,9,8,9,0,Reach RS3,824349ADB8F8C4C3,
228,,,,,,,-5.38457807,43.51906383,53.762,Global,10.1,0.014,0.014,0.014,0.020,1.934,m,FIX,RTK,2026-08-14 12:28:08.0 UTC+02:00,2026-08-14 12:28:08.0 UTC+02:00,1,1.2,1.4,,,,-5.70190546,43.57011347,156.563,26265.721,XIXO3M,SC global,10,9,8,9,0,Reach RS3,824349ADB8F8C4C3,
229,,,,,,,-5.38464009,43.51898629,53.709,Global,4.9,0.013,0.013,0.012,0.018,1.934,m,FIX,RTK,2026-08-14 12:28:23.8 UTC+02:00,2026-08-14 12:28:23.8 UTC+02:00,1,1.2,1.4,,,,-5.70190546,43.57011347,156.563,26262.803,XIXO3M,SC global,10,9,8,9,0,Reach RS3,824349ADB8F8C4C3,
230,,,,,,,-5.38478742,43.51882952,53.605,Global,3.5,0.013,0.013,0.013,0.018,1.934,m,FIX,RTK,2026-08-14 12:28:51.8 UTC+02:00,2026-08-14 12:28:51.8 UTC+02:00,1,1.2,1.4,,,,-5.70190546,43.57011347,156.563,26254.839,XIXO3M,SC global,10,9,9,9,0,Reach RS3,824349ADB8F8C4C3,
231,,,,,,,-5.38484468,43.51880063,53.615,Global,10.0,0.014,0.014,0.015,0.020,1.934,m,FIX,RTK,2026-08-14 12:29:02.6 UTC+02:00,2026-08-14 12:29:02.6 UTC+02:00,1,1.2,1.4,,,,-5.70190546,43.57011347,156.563,26251.450,XIXO3M,SC global,10,9,9,9,0,Reach RS3,824349ADB8F8C4C3,
232,,,,,,,-5.38489485,43.51876497,53.526,Global,1.3,0.012,0.012,0.011,0.017,1.934,m,FIX,RTK,2026-08-14 12:30:01.4 UTC+02:00,2026-08-14 12:30:01.4 UTC+02:00,1,1.2,1.4,,,,-5.70190546,43.57011347,156.563,26248.012,XIXO3M,SC global,10,9,9,9,0,Reach RS3,824349ADB8F8C4C3,
233,,,,,,,-5.38509363,43.51864752,53.528,Global,1.0,0.012,0.012,0.011,0.017,1.934,m,FIX,RTK,2026-08-14 12:30:30.6 UTC+02:00,2026-08-14 12:30:30.6 UTC+02:00,1,1.2,1.4,,,,-5.70190546,43.57011347,156.563,26235.207,XIXO3M,SC global,10,9,9,9,0,Reach RS3,824349ADB8F8C4C3,
234,,,,,,,-5.38520666,43.51857809,53.443,Global,4.5,0.014,0.014,0.014,0.019,1.934,m,FIX,RTK,2026-08-14 12:30:50.2 UTC+02:00,2026-08-14 12:30:50.2 UTC+02:00,1,1.2,1.4,,,,-5.70190546,43.57011347,156.563,26228.106,XIXO3M,SC global,10,9,9,9,0,Reach RS3,824349ADB8F8C4C3,
235,,,,,,,-5.38530256,43.51848797,53.251,Global,4.0,0.013,0.013,0.012,0.018,1.934,m,FIX,RTK,2026-08-14 12:31:10.8 UTC+02:00,2026-08-14 12:31:10.8 UTC+02:00,1,1.2,1.4,,,,-5.70190546,43.57011347,156.563,26222.589,XIXO3M,SC global,10,10,9,9,0,Reach RS3,824349ADB8F8C4C3,
236,,,,,,,-5.38535547,43.51844949,52.937,Global,3.0,0.013,0.013,0.012,0.019,1.934,m,FIX,RTK,2026-08-14 12:31:27.6 UTC+02:00,2026-08-14 12:31:27.6 UTC+02:00,1,1.2,1.4,,,,-5.70190546,43.57011347,156.563,26219.469,XIXO3M,SC global,10,10,9,9,0,Reach RS3,824349ADB8F8C4C3,
237,,,,,,,-5.38542952,43.51837479,52.651,Global,6.6,0.014,0.014,0.015,0.020,1.934,m,FIX,RTK,2026-08-14 12:31:45.0 UTC+02:00,2026-08-14 12:31:45.0 UTC+02:00,1,1.2,1.4,,,,-5.70190546,43.57011347,156.563,26215.570,XIXO3M,SC global,10,10,9,9,0,Reach RS3,824349ADB8F8C4C3,
238,,,,,,,-5.38544970,43.51835113,52.971,Global,3.0,0.013,0.013,0.012,0.018,1.934,m,FIX,RTK,2026-08-14 12:32:06.2 UTC+02:00,2026-08-14 12:32:06.2 UTC+02:00,1,1.2,1.4,,,,-5.70190546,43.57011347,156.563,26214.475,XIXO3M,SC global,10,10,9,9,0,Reach RS3,824349ADB8F8C4C3,
239,,,,,,,-5.38551680,43.51832214,52.970,Global,0.9,0.012,0.012,0.012,0.017,1.934,m,FIX,RTK,2026-08-14 12:33:02.4 UTC+02:00,2026-08-14 12:33:02.4 UTC+02:00,1,1.2,1.4,,,,-5.70190546,43.57011347,156.563,26209.868,XIXO3M,SC global,10,10,9,9,0,Reach RS3,824349ADB8F8C4C3,
240,,,,,,,-5.38554160,43.51831182,52.885,Global,3.3,0.013,0.013,0.012,0.018,1.934,m,FIX,RTK,2026-08-14 12:33:09.4 UTC+02:00,2026-08-14 12:33:09.4 UTC+02:00,1,1.2,1.4,,,,-5.70190546,43.57011347,156.563,26208.191,XIXO3M,SC global,10,10,9,9,0,Reach RS3,824349ADB8F8C4C3,
241,,,,,,,-5.38565996,43.51826793,53.035,Global,2.2,0.013,0.013,0.013,0.018,1.934,m,FIX,RTK,2026-08-14 12:33:32.8 UTC+02:00,2026-08-14 12:33:32.8 UTC+02:00,1,1.2,1.4,,,,-5.70190546,43.57011347,156.563,26199.955,XIXO3M,SC global,10,10,9,9,0,Reach RS3,824349ADB8F8C4C3,
242,,,,,,,-5.38575170,43.51825559,52.868,Global,4.8,0.013,0.013,0.013,0.018,1.934,m,FIX,RTK,2026-08-14 12:33:48.2 UTC+02:00,2026-08-14 12:33:48.2 UTC+02:00,1,1.4,1.6,,,,-5.70190546,43.57011347,156.563,26193.071,XIXO3M,SC global,10,10,9,9,0,Reach RS3,824349ADB8F8C4C3,
243,,,,,,,-5.38581517,43.51824827,53.034,Global,4.0,0.013,0.013,0.014,0.018,1.934,m,FIX,RTK,2026-08-14 12:33:59.6 UTC+02:00,2026-08-14 12:33:59.6 UTC+02:00,1,1.4,1.6,,,,-5.70190546,43.57011347,156.563,26188.205,XIXO3M,SC global,10,10,9,9,0,Reach RS3,824349ADB8F8C4C3,
244,,,,,,,-5.38588294,43.51824375,53.368,Global,1.8,0.013,0.013,0.013,0.018,1.934,m,FIX,RTK,2026-08-14 12:34:22.6 UTC+02:00,2026-08-14 12:34:22.6 UTC+02:00,1,1.3,1.6,,,,-5.70190546,43.57011347,156.563,26182.869,XIXO3M,SC global,10,10,9,9,0,Reach RS3,824349ADB8F8C4C3,
245,,,,,,,-5.38593820,43.51824047,53.530,Global,1.5,0.012,0.012,0.012,0.017,1.934,m,FIX,RTK,2026-08-14 12:34:49.2 UTC+02:00,2026-08-14 12:34:49.2 UTC+02:00,1,1.3,1.6,,,,-5.70190546,43.57011347,156.563,26178.617,XIXO3M,SC global,10,10,9,9,0,Reach RS3,824349ADB8F8C4C3,
246,,,,,,,-5.38601650,43.51824909,53.971,Global,5.8,0.014,0.014,0.014,0.019,1.934,m,FIX,RTK,2026-08-14 12:35:03.8 UTC+02:00,2026-08-14 12:35:03.8 UTC+02:00,1,1.3,1.6,,,,-5.70190546,43.57011347,156.563,26172.407,XIXO3M,SC global,10,10,9,9,0,Reach RS3,824349ADB8F8C4C3,
247,,,,,,,-5.38612345,43.51824871,54.284,Global,9.4,0.018,0.018,0.019,0.025,1.934,m,FIX,RTK,2026-08-14 12:35:19.0 UTC+02:00,2026-08-14 12:35:19.0 UTC+02:00,1,1.3,1.6,,,,-5.70190546,43.57011347,156.563,26164.042,XIXO3M,SC global,10,10,9,9,0,Reach RS3,824349ADB8F8C4C3,
248,,,,,,,-5.38616485,43.51820221,54.392,Global,3.6,0.013,0.013,0.013,0.018,1.934,m,FIX,RTK,2026-08-14 12:35:39.4 UTC+02:00,2026-08-14 12:35:39.4 UTC+02:00,1,1.3,1.6,,,,-5.70190546,43.57011347,156.563,26161.670,XIXO3M,SC global,10,10,9,9,0,Reach RS3,824349ADB8F8C4C3,
249,,,,,,,-5.38620346,43.51817242,53.766,Global,2.1,0.012,0.012,0.013,0.017,1.934,m,FIX,RTK,2026-08-14 12:35:48.6 UTC+02:00,2026-08-14 12:35:48.6 UTC+02:00,1,1.3,1.6,,,,-5.70190546,43.57011347,156.563,26159.457,XIXO3M,SC global,10,10,9,9,0,Reach RS3,824349ADB8F8C4C3,
250,,,,,,,-5.38627517,43.51806688,53.227,Global,4.1,0.013,0.013,0.013,0.018,1.934,m,FIX,RTK,2026-08-14 12:36:14.8 UTC+02:00,2026-08-14 12:36:14.8 UTC+02:00,1,1.3,1.6,,,,-5.70190546,43.57011347,156.563,26156.247,XIXO3M,SC global,10,9,9,9,0,Reach RS3,824349ADB8F8C4C3,
251,,,,,,,-5.38629025,43.51801732,53.247,Global,6.0,0.013,0.013,0.014,0.019,1.934,m,FIX,RTK,2026-08-14 12:36:32.8 UTC+02:00,2026-08-14 12:36:32.8 UTC+02:00,1,1.3,1.6,,,,-5.70190546,43.57011347,156.563,26156.350,XIXO3M,SC global,10,10,9,9,0,Reach RS3,824349ADB8F8C4C3,
252,,,,,,,-5.38630337,43.51793470,53.602,Global,2.2,0.012,0.012,0.012,0.017,1.934,m,FIX,RTK,2026-08-14 12:36:51.0 UTC+02:00,2026-08-14 12:36:51.0 UTC+02:00,1,1.3,1.6,,,,-5.70190546,43.57011347,156.563,26157.351,XIXO3M,SC global,10,10,9,9,0,Reach RS3,824349ADB8F8C4C3,
253,,,,,,,-5.38630672,43.51794071,53.474,Global,3.1,0.013,0.013,0.014,0.018,1.934,m,FIX,RTK,2026-08-14 12:38:41.4 UTC+02:00,2026-08-14 12:38:41.4 UTC+02:00,1,1.2,1.4,,,,-5.70190546,43.57011347,156.563,26157.015,XIXO3M,SC global,10,10,9,9,0,Reach RS3,824349ADB8F8C4C3,
254,,,,,,,-5.38621587,43.51792042,53.975,Global,5.0,0.013,0.013,0.012,0.018,1.934,m,FIX,RTK,2026-08-14 12:39:38.4 UTC+02:00,2026-08-14 12:39:38.4 UTC+02:00,1,1.2,1.4,,,,-5.70190546,43.57011347,156.563,26164.636,XIXO3M,SC global,11,10,9,9,0,Reach RS3,824349ADB8F8C4C3,
255,,,,,,,-5.38618934,43.51785689,54.047,Global,7.5,0.013,0.013,0.013,0.019,1.934,m,FIX,RTK,2026-08-14 12:40:04.8 UTC+02:00,2026-08-14 12:40:04.8 UTC+02:00,1,1.2,1.4,,,,-5.70190546,43.57011347,156.563,26168.153,XIXO3M,SC global,11,10,9,9,0,Reach RS3,824349ADB8F8C4C3,
256,,,,,,,-5.38613547,43.51780861,53.996,Global,4.0,0.013,0.013,0.012,0.018,1.934,m,FIX,RTK,2026-08-14 12:40:29.2 UTC+02:00,2026-08-14 12:40:29.2 UTC+02:00,1,1.2,1.4,,,,-5.70190546,43.57011347,156.563,26173.698,XIXO3M,SC global,11,10,9,9,0,Reach RS3,824349ADB8F8C4C3,
257,,,,,,,-5.38603413,43.51775532,53.926,Global,7.4,0.014,0.014,0.014,0.019,1.934,m,FIX,RTK,2026-08-14 12:41:05.8 UTC+02:00,2026-08-14 12:41:05.8 UTC+02:00,1,1.2,1.4,,,,-5.70190546,43.57011347,156.563,26182.836,XIXO3M,SC global,11,10,9,9,0,Reach RS3,824349ADB8F8C4C3,
258,,,,,,,-5.38596257,43.51769171,53.908,Global,7.7,0.014,0.014,0.014,0.019,1.934,m,FIX,RTK,2026-08-14 12:41:25.6 UTC+02:00,2026-08-14 12:41:25.6 UTC+02:00,1,1.2,1.4,,,,-5.70190546,43.57011347,156.563,26190.054,XIXO3M,SC global,11,10,9,9,0,Reach RS3,824349ADB8F8C4C3,
259,,,,,,,-5.38593484,43.51765770,53.750,Global,6.7,0.014,0.014,0.014,0.020,1.934,m,FIX,RTK,2026-08-14 12:41:34.6 UTC+02:00,2026-08-14 12:41:34.6 UTC+02:00,1,1.2,1.4,,,,-5.70190546,43.57011347,156.563,26193.159,XIXO3M,SC global,11,10,9,9,0,Reach RS3,824349ADB8F8C4C3,
260,,,,,,,-5.38593031,43.51764353,53.432,Global,2.1,0.012,0.012,0.011,0.017,1.934,m,FIX,RTK,2026-08-14 12:41:41.4 UTC+02:00,2026-08-14 12:41:41.4 UTC+02:00,1,1.2,1.4,,,,-5.70190546,43.57011347,156.563,26194.005,XIXO3M,SC global,11,10,9,9,0,Reach RS3,824349ADB8F8C4C3,
261,,,,,,,-5.38592720,43.51761775,53.722,Global,7.1,0.014,0.014,0.014,0.020,1.934,m,FIX,RTK,2026-08-14 12:41:50.2 UTC+02:00,2026-08-14 12:41:50.2 UTC+02:00,1,1.2,1.4,,,,-5.70190546,43.57011347,156.563,26194.889,XIXO3M,SC global,11,9,9,9,0,Reach RS3,824349ADB8F8C4C3,
262,,,,,,,-5.38592006,43.51760506,53.813,Global,8.5,0.014,0.014,0.014,0.019,1.934,m,FIX,RTK,2026-08-14 12:42:03.4 UTC+02:00,2026-08-14 12:42:03.4 UTC+02:00,1,1.2,1.4,,,,-5.70190546,43.57011347,156.563,26195.691,XIXO3M,SC global,11,9,9,9,0,Reach RS3,824349ADB8F8C4C3,
263,,,,,,,-5.38592066,43.51755186,53.885,Global,2.3,0.012,0.012,0.011,0.018,1.934,m,FIX,RTK,2026-08-14 12:42:21.4 UTC+02:00,2026-08-14 12:42:21.4 UTC+02:00,1,1.2,1.4,,,,-5.70190546,43.57011347,156.563,26197.119,XIXO3M,SC global,11,9,9,9,0,Reach RS3,824349ADB8F8C4C3,
264,,,,,,,-5.38586998,43.51748072,53.872,Global,4.7,0.013,0.013,0.012,0.018,1.934,m,FIX,RTK,2026-08-14 12:42:41.0 UTC+02:00,2026-08-14 12:42:41.0 UTC+02:00,1,1.2,1.4,,,,-5.70190546,43.57011347,156.563,26202.765,XIXO3M,SC global,10,9,9,9,0,Reach RS3,824349ADB8F8C4C3,
265,,,,,,,-5.38577846,43.51740516,53.795,Global,5.8,0.013,0.013,0.013,0.019,1.934,m,FIX,RTK,2026-08-14 12:43:02.6 UTC+02:00,2026-08-14 12:43:02.6 UTC+02:00,1,1.2,1.4,,,,-5.70190546,43.57011347,156.563,26211.775,XIXO3M,SC global,10,9,9,9,0,Reach RS3,824349ADB8F8C4C3,
266,,,,,,,-5.38572063,43.51736846,53.518,Global,4.9,0.013,0.013,0.013,0.019,1.934,m,FIX,RTK,2026-08-14 12:43:13.8 UTC+02:00,2026-08-14 12:43:13.8 UTC+02:00,1,1.2,1.4,,,,-5.70190546,43.57011347,156.563,26217.285,XIXO3M,SC global,11,9,9,9,0,Reach RS3,824349ADB8F8C4C3,
267,,,,,,,-5.38560999,43.51732762,53.215,Global,3.3,0.013,0.013,0.012,0.018,1.934,m,FIX,RTK,2026-08-14 12:43:45.8 UTC+02:00,2026-08-14 12:43:45.8 UTC+02:00,1,1.2,1.4,,,,-5.70190546,43.57011347,156.563,26227.125,XIXO3M,SC global,11,9,9,9,0,Reach RS3,824349ADB8F8C4C3,
268,,,,,,,-5.38555394,43.51733341,53.223,Global,1.6,0.012,0.012,0.011,0.017,1.934,m,FIX,RTK,2026-08-14 12:44:36.4 UTC+02:00,2026-08-14 12:44:36.4 UTC+02:00,1,1.2,1.4,,,,-5.70190546,43.57011347,156.563,26231.399,XIXO3M,SC global,11,8,9,9,0,Reach RS3,824349ADB8F8C4C3,
269,,,,,,,-5.38542533,43.51732233,53.188,Global,2.4,0.012,0.012,0.011,0.017,1.934,m,FIX,RTK,2026-08-14 12:45:08.8 UTC+02:00,2026-08-14 12:45:08.8 UTC+02:00,1,1.2,1.4,,,,-5.70190546,43.57011347,156.563,26241.936,XIXO3M,SC global,10,8,9,9,0,Reach RS3,824349ADB8F8C4C3,
270,,,,,,,-5.38533942,43.51731503,53.159,Global,4.2,0.013,0.013,0.012,0.018,1.934,m,FIX,RTK,2026-08-14 12:45:29.4 UTC+02:00,2026-08-14 12:45:29.4 UTC+02:00,1,1.2,1.4,,,,-5.70190546,43.57011347,156.563,26248.732,XIXO3M,SC global,11,8,9,9,0,Reach RS3,824349ADB8F8C4C3,
271,,,,,,,-5.38524698,43.51727865,53.238,Global,1.1,0.013,0.013,0.018,0.019,1.934,m,FIX,RTK,2026-08-14 12:47:03.8 UTC+02:00,2026-08-14 12:47:03.8 UTC+02:00,1,1.2,1.4,,,,-5.70190546,43.57011347,156.563,26256.972,XIXO3M,SC global,11,7,9,9,0,Reach RS3,824349ADB8F8C4C3,
272,,,,,,,-5.38508605,43.51723121,53.402,Global,5.5,0.013,0.013,0.020,0.018,1.934,m,FIX,RTK,2026-08-14 12:47:30.2 UTC+02:00,2026-08-14 12:47:30.2 UTC+02:00,1,1.2,1.4,,,,-5.70190546,43.57011347,156.563,26270.699,XIXO3M,SC global,11,7,9,9,0,Reach RS3,824349ADB8F8C4C3,
273,,,,,,,-5.38500886,43.51722859,53.557,Global,5.9,0.013,0.013,0.019,0.019,1.934,m,FIX,RTK,2026-08-14 12:48:13.2 UTC+02:00,2026-08-14 12:48:13.2 UTC+02:00,1,1.2,1.4,,,,-5.70190546,43.57011347,156.563,26276.826,XIXO3M,SC global,11,7,9,9,0,Reach RS3,824349ADB8F8C4C3,
274,,,,,,,-5.38485812,43.51720806,53.646,Global,2.3,0.012,0.012,0.016,0.017,1.934,m,FIX,RTK,2026-08-14 12:48:37.8 UTC+02:00,2026-08-14 12:48:37.8 UTC+02:00,1,1.2,1.4,,,,-5.70190546,43.57011347,156.563,26289.343,XIXO3M,SC global,11,7,9,9,0,Reach RS3,824349ADB8F8C4C3,
275,,,,,,,-5.38472751,43.51718345,53.519,Global,2.6,0.012,0.012,0.016,0.018,1.934,m,FIX,RTK,2026-08-14 12:49:45.8 UTC+02:00,2026-08-14 12:49:45.8 UTC+02:00,1,1.1,1.3,,,,-5.70190546,43.57011347,156.563,26300.381,XIXO3M,SC global,10,7,9,10,0,Reach RS3,824349ADB8F8C4C3,
276,,,,,,,-5.38457798,43.51715032,53.442,Global,6.1,0.013,0.013,0.018,0.019,1.934,m,FIX,RTK,2026-08-14 12:50:20.6 UTC+02:00,2026-08-14 12:50:20.6 UTC+02:00,1,1.1,1.3,,,,-5.70190546,43.57011347,156.563,26312.783,XIXO3M,SC global,10,7,9,10,0,Reach RS3,824349ADB8F8C4C3,
277,,,,,,,-5.38439417,43.51710977,53.138,Global,2.8,0.013,0.013,0.016,0.018,1.934,m,FIX,RTK,2026-08-14 12:50:45.0 UTC+02:00,2026-08-14 12:50:45.0 UTC+02:00,1,1.0,1.2,,,,-5.70190546,43.57011347,156.563,26328.356,XIXO3M,SC global,10,7,9,10,0,Reach RS3,824349ADB8F8C4C3,
278,,,,,,,-5.38427554,43.51701136,53.112,Global,6.9,0.013,0.013,0.019,0.019,1.934,m,FIX,RTK,2026-08-14 12:51:21.4 UTC+02:00,2026-08-14 12:51:21.4 UTC+02:00,1,1.1,1.2,,,,-5.70190546,43.57011347,156.563,26340.038,XIXO3M,SC global,10,7,8,10,0,Reach RS3,824349ADB8F8C4C3,
279,,,,,,,-5.38423284,43.51695311,53.271,Global,4.7,0.013,0.013,0.015,0.018,1.934,m,FIX,RTK,2026-08-14 12:51:35.2 UTC+02:00,2026-08-14 12:51:35.2 UTC+02:00,1,1.1,1.2,,,,-5.70190546,43.57011347,156.563,26344.907,XIXO3M,SC global,10,7,8,9,0,Reach RS3,824349ADB8F8C4C3,
280,,,,,,,-5.38419482,43.51691125,53.867,Global,11.9,0.022,0.022,0.025,0.031,1.934,m,FIX,RTK,2026-08-14 12:51:44.0 UTC+02:00,2026-08-14 12:51:44.0 UTC+02:00,1,1.1,1.3,,,,-5.70190546,43.57011347,156.563,26348.707,XIXO3M,SC global,10,7,8,9,0,Reach RS3,824349ADB8F8C4C3,
281,,,,,,,-5.38416480,43.51686707,54.558,Global,7.6,0.014,0.014,0.018,0.020,1.934,m,FIX,RTK,2026-08-14 12:51:58.0 UTC+02:00,2026-08-14 12:51:58.0 UTC+02:00,1,1.4,1.7,,,,-5.70190546,43.57011347,156.563,26352.322,XIXO3M,SC global,10,7,8,10,0,Reach RS3,824349ADB8F8C4C3,
282,,,,,,,-5.38419934,43.51725212,53.093,Global,4.4,0.013,0.013,0.012,0.018,1.934,m,FIX,RTK,2026-08-14 12:55:56.2 UTC+02:00,2026-08-14 12:55:56.2 UTC+02:00,1,1.0,1.2,,,,-5.70190546,43.57011347,156.563,26340.176,XIXO3M,SC global,10,8,8,10,0,Reach RS3,824349ADB8F8C4C3,
283,,,,,,,-5.38421695,43.51734996,53.118,Global,7.2,0.013,0.013,0.013,0.019,1.934,m,FIX,RTK,2026-08-14 12:56:28.4 UTC+02:00,2026-08-14 12:56:28.4 UTC+02:00,1,1.0,1.2,,,,-5.70190546,43.57011347,156.563,26336.473,XIXO3M,SC global,10,8,8,10,0,Reach RS3,824349ADB8F8C4C3,
284,,,,,,,-5.38418875,43.51743880,52.920,Global,5.0,0.013,0.013,0.012,0.018,1.934,m,FIX,RTK,2026-08-14 12:56:49.0 UTC+02:00,2026-08-14 12:56:49.0 UTC+02:00,1,1.0,1.2,,,,-5.70190546,43.57011347,156.563,26336.537,XIXO3M,SC global,10,8,8,10,0,Reach RS3,824349ADB8F8C4C3,
285,,,,,,,-5.38417186,43.51752295,52.731,Global,3.5,0.013,0.013,0.012,0.018,1.934,m,FIX,RTK,2026-08-14 12:57:22.4 UTC+02:00,2026-08-14 12:57:22.4 UTC+02:00,1,1.0,1.2,,,,-5.70190546,43.57011347,156.563,26335.726,XIXO3M,SC global,10,8,8,10,0,Reach RS3,824349ADB8F8C4C3,
286,,,,,,,-5.38419462,43.51759397,52.934,Global,4.3,0.013,0.013,0.013,0.019,1.934,m,FIX,RTK,2026-08-14 12:57:37.0 UTC+02:00,2026-08-14 12:57:37.0 UTC+02:00,1,1.0,1.2,,,,-5.70190546,43.57011347,156.563,26331.935,XIXO3M,SC global,10,8,8,10,0,Reach RS3,824349ADB8F8C4C3,
287,,,,,,,-5.38419828,43.51767836,52.886,Global,9.1,0.014,0.014,0.014,0.020,1.934,m,FIX,RTK,2026-08-14 12:58:15.4 UTC+02:00,2026-08-14 12:58:15.4 UTC+02:00,1,1.1,1.3,,,,-5.70190546,43.57011347,156.563,26329.485,XIXO3M,SC global,10,8,8,10,0,Reach RS3,824349ADB8F8C4C3,
288,,,,,,,-5.38416222,43.51769618,53.371,Global,4.9,0.013,0.013,0.012,0.018,1.934,m,FIX,RTK,2026-08-14 12:58:22.4 UTC+02:00,2026-08-14 12:58:22.4 UTC+02:00,1,1.0,1.2,,,,-5.70190546,43.57011347,156.563,26331.910,XIXO3M,SC global,10,8,8,10,0,Reach RS3,824349ADB8F8C4C3,
289,,,,,,,-5.38409941,43.51772324,53.392,Global,8.2,0.015,0.015,0.015,0.021,1.934,m,FIX,RTK,2026-08-14 12:58:31.0 UTC+02:00,2026-08-14 12:58:31.0 UTC+02:00,1,1.0,1.2,,,,-5.70190546,43.57011347,156.563,26336.096,XIXO3M,SC global,10,8,8,10,0,Reach RS3,824349ADB8F8C4C3,
290,,,,,,,-5.38396998,43.51777776,53.309,Global,9.0,0.014,0.014,0.014,0.020,1.934,m,FIX,RTK,2026-08-14 12:58:43.4 UTC+02:00,2026-08-14 12:58:43.4 UTC+02:00,1,1.0,1.2,,,,-5.70190546,43.57011347,156.563,26344.970,XIXO3M,SC global,9,8,8,10,0,Reach RS3,824349ADB8F8C4C3,
291,,,,,,,-5.38384623,43.51781746,53.237,Global,4.3,0.013,0.013,0.012,0.018,1.934,m,FIX,RTK,2026-08-14 12:58:58.0 UTC+02:00,2026-08-14 12:58:58.0 UTC+02:00,1,1.0,1.2,,,,-5.70190546,43.57011347,156.563,26353.848,XIXO3M,SC global,9,8,8,10,0,Reach RS3,824349ADB8F8C4C3,
292,,,,,,,-5.38380208,43.51782361,53.217,Global,4.3,0.013,0.013,0.013,0.019,1.934,m,FIX,RTK,2026-08-14 12:59:10.6 UTC+02:00,2026-08-14 12:59:10.6 UTC+02:00,1,1.0,1.2,,,,-5.70190546,43.57011347,156.563,26357.179,XIXO3M,SC global,9,8,8,10,0,Reach RS3,824349ADB8F8C4C3,
293,,,,,,,-5.38378256,43.51782628,52.532,Global,2.9,0.013,0.013,0.012,0.018,1.934,m,FIX,RTK,2026-08-14 12:59:20.4 UTC+02:00,2026-08-14 12:59:20.4 UTC+02:00,1,1.0,1.2,,,,-5.70190546,43.57011347,156.563,26358.695,XIXO3M,SC global,9,8,8,10,0,Reach RS3,824349ADB8F8C4C3,
294,,,,,,,-5.38375025,43.51783398,53.012,Global,5.2,0.016,0.016,0.015,0.023,1.934,m,FIX,RTK,2026-08-14 12:59:25.6 UTC+02:00,2026-08-14 12:59:25.6 UTC+02:00,1,1.0,1.2,,,,-5.70190546,43.57011347,156.563,26360.967,XIXO3M,SC global,9,8,8,10,0,Reach RS3,824349ADB8F8C4C3,
295,,,,,,,-5.38367460,43.51781612,53.195,Global,5.7,0.013,0.013,0.013,0.019,1.934,m,FIX,RTK,2026-08-14 12:59:36.0 UTC+02:00,2026-08-14 12:59:36.0 UTC+02:00,1,1.0,1.2,,,,-5.70190546,43.57011347,156.563,26367.405,XIXO3M,SC global,9,8,8,10,0,Reach RS3,824349ADB8F8C4C3,
296,,,,,,,-5.38356403,43.51777629,53.276,Global,3.8,0.013,0.013,0.012,0.018,1.934,m,FIX,RTK,2026-08-14 12:59:49.6 UTC+02:00,2026-08-14 12:59:49.6 UTC+02:00,1,1.0,1.2,,,,-5.70190546,43.57011347,156.563,26377.130,XIXO3M,SC global,9,8,8,10,0,Reach RS3,824349ADB8F8C4C3,
297,,,,,,,-5.38350068,43.51774998,53.271,Global,7.7,0.014,0.014,0.014,0.019,1.934,m,FIX,RTK,2026-08-14 12:59:58.0 UTC+02:00,2026-08-14 12:59:58.0 UTC+02:00,1,1.0,1.2,,,,-5.70190546,43.57011347,156.563,26382.663,XIXO3M,SC global,9,8,8,10,0,Reach RS3,824349ADB8F8C4C3,
298,,,,,,,-5.38347958,43.51774653,52.756,Global,3.8,0.013,0.013,0.012,0.018,1.934,m,FIX,RTK,2026-08-14 13:00:06.0 UTC+02:00,2026-08-14 13:00:06.0 UTC+02:00,1,1.0,1.2,,,,-5.70190546,43.57011347,156.563,26384.655,XIXO3M,SC global,9,8,8,10,0,Reach RS3,824349ADB8F8C4C3,
299,,,,,,,-5.38344617,43.51770624,53.338,Global,6.1,0.014,0.014,0.014,0.020,1.934,m,FIX,RTK,2026-08-14 13:00:14.8 UTC+02:00,2026-08-14 13:00:14.8 UTC+02:00,1,1.0,1.2,,,,-5.70190546,43.57011347,156.563,26388.145,XIXO3M,SC global,9,8,8,10,0,Reach RS3,824349ADB8F8C4C3,
300,,,,,,,-5.38332577,43.51765387,53.156,Global,3.0,0.012,0.012,0.012,0.018,1.934,m,FIX,RTK,2026-08-14 13:00:31.2 UTC+02:00,2026-08-14 13:00:31.2 UTC+02:00,1,1.0,1.2,,,,-5.70190546,43.57011347,156.563,26399.018,XIXO3M,SC global,9,8,8,10,0,Reach RS3,824349ADB8F8C4C3,
301,,,,,,,-5.38320606,43.51756404,53.262,Global,3.7,0.013,0.013,0.013,0.019,1.934,m,FIX,RTK,2026-08-14 13:00:50.8 UTC+02:00,2026-08-14 13:00:50.8 UTC+02:00,1,1.0,1.2,,,,-5.70190546,43.57011347,156.563,26410.651,XIXO3M,SC global,9,8,8,10,0,Reach RS3,824349ADB8F8C4C3,
302,,,,,,,-5.38311401,43.51751912,53.297,Global,3.1,0.013,0.013,0.012,0.018,1.934,m,FIX,RTK,2026-08-14 13:01:03.8 UTC+02:00,2026-08-14 13:01:03.8 UTC+02:00,1,1.0,1.2,,,,-5.70190546,43.57011347,156.563,26419.052,XIXO3M,SC global,9,8,7,9,0,Reach RS3,824349ADB8F8C4C3,
303,,,,,,,-5.38299283,43.51751422,53.336,Global,4.9,0.013,0.013,0.012,0.018,1.934,m,FIX,RTK,2026-08-14 13:01:39.2 UTC+02:00,2026-08-14 13:01:39.2 UTC+02:00,1,1.0,1.2,,,,-5.70190546,43.57011347,156.563,26428.616,XIXO3M,SC global,9,8,7,9,0,Reach RS3,824349ADB8F8C4C3,
304,,,,,,,-5.38288228,43.51749062,53.079,Global,3.3,0.013,0.013,0.012,0.018,1.934,m,FIX,RTK,2026-08-14 13:01:54.0 UTC+02:00,2026-08-14 13:01:54.0 UTC+02:00,1,1.0,1.2,,,,-5.70190546,43.57011347,156.563,26437.950,XIXO3M,SC global,9,8,7,9,0,Reach RS3,824349ADB8F8C4C3,
305,,,,,,,-5.38273143,43.51749367,53.244,Global,3.9,0.013,0.013,0.012,0.018,1.934,m,FIX,RTK,2026-08-14 13:02:14.6 UTC+02:00,2026-08-14 13:02:14.6 UTC+02:00,1,1.1,1.3,,,,-5.70190546,43.57011347,156.563,26449.744,XIXO3M,SC global,9,8,7,9,0,Reach RS3,824349ADB8F8C4C3,
306,,,,,,,-5.38261708,43.51744060,53.246,Global,6.2,0.013,0.013,0.013,0.019,1.934,m,FIX,RTK,2026-08-14 13:02:31.0 UTC+02:00,2026-08-14 13:02:31.0 UTC+02:00,1,1.1,1.2,,,,-5.70190546,43.57011347,156.563,26460.068,XIXO3M,SC global,9,8,7,9,0,Reach RS3,824349ADB8F8C4C3,
307,,,,,,,-5.38247640,43.51740294,53.217,Global,6.3,0.013,0.013,0.013,0.019,1.934,m,FIX,RTK,2026-08-14 13:02:49.2 UTC+02:00,2026-08-14 13:02:49.2 UTC+02:00,1,1.3,1.5,,,,-5.70190546,43.57011347,156.563,26472.007,XIXO3M,SC global,8,8,7,9,0,Reach RS3,824349ADB8F8C4C3,
308,,,,,,,-5.38224889,43.51733664,53.477,Global,5.0,0.013,0.013,0.014,0.018,1.934,m,FIX,RTK,2026-08-14 13:03:14.0 UTC+02:00,2026-08-14 13:03:14.0 UTC+02:00,1,1.2,1.4,,,,-5.70190546,43.57011347,156.563,26491.658,XIXO3M,SC global,9,8,7,9,0,Reach RS3,824349ADB8F8C4C3,
309,,,,,,,-5.38209245,43.51735544,53.568,Global,2.4,0.013,0.013,0.012,0.018,1.934,m,FIX,RTK,2026-08-14 13:06:05.2 UTC+02:00,2026-08-14 13:06:05.2 UTC+02:00,1,1.1,1.3,,,,-5.70190546,43.57011347,156.563,26503.585,XIXO3M,SC global,8,8,7,9,0,Reach RS3,824349ADB8F8C4C3,
310,,,,,,,-5.38208495,43.51737312,53.716,Global,3.4,0.016,0.016,0.016,0.023,1.934,m,FIX,RTK,2026-08-14 13:06:09.0 UTC+02:00,2026-08-14 13:06:09.0 UTC+02:00,1,1.1,1.3,,,,-5.70190546,43.57011347,156.563,26503.853,XIXO3M,SC global,9,8,7,9,0,Reach RS3,824349ADB8F8C4C3,
311,,,,,,,-5.38200008,43.51758335,53.514,Global,3.4,0.013,0.013,0.012,0.018,1.934,m,FIX,RTK,2026-08-14 13:08:47.8 UTC+02:00,2026-08-14 13:08:47.8 UTC+02:00,1,1.0,1.2,,,,-5.70190546,43.57011347,156.563,26505.229,XIXO3M,SC global,9,8,8,9,0,Reach RS3,824349ADB8F8C4C3,
312,,,,,,,-5.38199691,43.51763659,53.541,Global,7.4,0.013,0.013,0.013,0.019,1.934,m,FIX,RTK,2026-08-14 13:09:29.4 UTC+02:00,2026-08-14 13:09:29.4 UTC+02:00,1,1.1,1.2,,,,-5.70190546,43.57011347,156.563,26504.052,XIXO3M,SC global,8,8,7,9,0,Reach RS3,824349ADB8F8C4C3,
313,,,,,,,-5.38199978,43.51773013,53.573,Global,9.1,0.016,0.016,0.017,0.023,1.934,m,FIX,RTK,2026-08-14 13:09:57.8 UTC+02:00,2026-08-14 13:09:57.8 UTC+02:00,1,1.0,1.2,,,,-5.70190546,43.57011347,156.563,26501.732,XIXO3M,SC global,9,8,7,9,0,Reach RS3,824349ADB8F8C4C3,
314,,,,,,,-5.38202335,43.51775961,53.505,Global,6.8,0.013,0.013,0.013,0.019,1.934,m,FIX,RTK,2026-08-14 13:11:50.0 UTC+02:00,2026-08-14 13:11:50.0 UTC+02:00,1,1.0,1.2,,,,-5.70190546,43.57011347,156.563,26498.982,XIXO3M,SC global,9,8,7,9,0,Reach RS3,824349ADB8F8C4C3,
315,,,,,,,-5.38218279,43.51798622,53.437,Global,8.1,0.014,0.014,0.014,0.020,1.934,m,FIX,RTK,2026-08-14 13:12:25.0 UTC+02:00,2026-08-14 13:12:25.0 UTC+02:00,1,1.0,1.1,,,,-5.70190546,43.57011347,156.563,26481.161,XIXO3M,SC global,9,8,7,9,0,Reach RS3,824349ADB8F8C4C3,
316,,,,,,,-5.38221721,43.51806942,53.220,Global,3.0,0.012,0.012,0.012,0.018,1.934,m,FIX,RTK,2026-08-14 13:12:45.4 UTC+02:00,2026-08-14 13:12:45.4 UTC+02:00,1,1.0,1.1,,,,-5.70190546,43.57011347,156.563,26476.155,XIXO3M,SC global,9,8,7,9,0,Reach RS3,824349ADB8F8C4C3,
317,,,,,,,-5.38231006,43.51815405,53.315,Global,3.7,0.013,0.013,0.012,0.018,1.934,m,FIX,RTK,2026-08-14 13:13:17.2 UTC+02:00,2026-08-14 13:13:17.2 UTC+02:00,1,1.0,1.1,,,,-5.70190546,43.57011347,156.563,26466.861,XIXO3M,SC global,9,8,7,9,0,Reach RS3,824349ADB8F8C4C3,
318,,,,,,,-5.38242451,43.51825579,53.471,Global,6.0,0.015,0.015,0.015,0.021,1.934,m,FIX,RTK,2026-08-14 13:13:40.6 UTC+02:00,2026-08-14 13:13:40.6 UTC+02:00,1,1.0,1.1,,,,-5.70190546,43.57011347,156.563,26455.431,XIXO3M,SC global,9,8,7,9,0,Reach RS3,824349ADB8F8C4C3,
319,,,,,,,-5.38252309,43.51845913,53.570,Global,3.4,0.013,0.013,0.012,0.018,1.934,m,FIX,RTK,2026-08-14 13:14:27.0 UTC+02:00,2026-08-14 13:14:27.0 UTC+02:00,1,1.0,1.1,,,,-5.70190546,43.57011347,156.563,26442.491,XIXO3M,SC global,9,8,7,9,0,Reach RS3,824349ADB8F8C4C3,
320,,,,,,,-5.38263669,43.51859473,53.675,Global,5.0,0.014,0.014,0.013,0.019,1.934,m,FIX,RTK,2026-08-14 13:14:51.0 UTC+02:00,2026-08-14 13:14:51.0 UTC+02:00,1,1.0,1.1,,,,-5.70190546,43.57011347,156.563,26430.424,XIXO3M,SC global,9,8,7,10,0,Reach RS3,824349ADB8F8C4C3,
321,,,,,,,-5.38273196,43.51870662,53.748,Global,5.5,0.013,0.013,0.013,0.019,1.934,m,FIX,RTK,2026-08-14 13:15:10.2 UTC+02:00,2026-08-14 13:15:10.2 UTC+02:00,1,1.0,1.1,,,,-5.70190546,43.57011347,156.563,26420.291,XIXO3M,SC global,9,8,7,10,0,Reach RS3,824349ADB8F8C4C3,
322,,,,,,,-5.38287869,43.51883304,53.741,Global,14.3,0.024,0.024,0.025,0.034,1.934,m,FIX,RTK,2026-08-14 13:15:32.6 UTC+02:00,2026-08-14 13:15:32.6 UTC+02:00,1,1.0,1.1,,,,-5.70190546,43.57011347,156.563,26405.798,XIXO3M,SC global,9,8,7,10,0,Reach RS3,824349ADB8F8C4C3,
323,,,,,,,-5.38300109,43.51894938,53.668,Global,3.4,0.013,0.013,0.012,0.018,1.934,m,FIX,RTK,2026-08-14 13:15:55.2 UTC+02:00,2026-08-14 13:15:55.2 UTC+02:00,1,1.0,1.1,,,,-5.70190546,43.57011347,156.563,26393.057,XIXO3M,SC global,9,8,7,10,0,Reach RS3,824349ADB8F8C4C3,
324,,,,,,,-5.38312758,43.51903986,53.708,Global,4.7,0.015,0.015,0.014,0.021,1.934,m,FIX,RTK,2026-08-14 13:16:16.2 UTC+02:00,2026-08-14 13:16:16.2 UTC+02:00,1,1.0,1.2,,,,-5.70190546,43.57011347,156.563,26380.875,XIXO3M,SC global,10,8,7,10,0,Reach RS3,824349ADB8F8C4C3,
325,,,,,,,-5.38331425,43.51917182,53.793,Global,4.0,0.013,0.013,0.012,0.018,1.934,m,FIX,RTK,2026-08-14 13:16:46.8 UTC+02:00,2026-08-14 13:16:46.8 UTC+02:00,1,1.0,1.1,,,,-5.70190546,43.57011347,156.563,26362.911,XIXO3M,SC global,10,8,7,10,0,Reach RS3,824349ADB8F8C4C3,
326,,,,,,,-5.38341600,43.51925919,53.837,Global,6.4,0.013,0.013,0.013,0.019,1.934,m,FIX,RTK,2026-08-14 13:17:03.4 UTC+02:00,2026-08-14 13:17:03.4 UTC+02:00,1,1.0,1.1,,,,-5.70190546,43.57011347,156.563,26352.874,XIXO3M,SC global,10,8,7,9,0,Reach RS3,824349ADB8F8C4C3,
327,,,,,,,-5.38353722,43.51935666,53.774,Global,2.0,0.012,0.012,0.011,0.018,1.934,m,FIX,RTK,2026-08-14 13:17:22.4 UTC+02:00,2026-08-14 13:17:22.4 UTC+02:00,1,1.0,1.1,,,,-5.70190546,43.57011347,156.563,26340.890,XIXO3M,SC global,10,8,7,9,0,Reach RS3,824349ADB8F8C4C3,
328,,,,,,,-5.38362225,43.51940684,53.881,Global,4.0,0.013,0.013,0.013,0.019,1.934,m,FIX,RTK,2026-08-14 13:17:34.6 UTC+02:00,2026-08-14 13:17:34.6 UTC+02:00,1,1.0,1.1,,,,-5.70190546,43.57011347,156.563,26333.085,XIXO3M,SC global,10,8,7,9,0,Reach RS3,824349ADB8F8C4C3,
329,,,,,,,-5.38365473,43.51941853,53.776,Global,7.0,0.014,0.014,0.013,0.019,1.934,m,FIX,RTK,2026-08-14 13:17:41.2 UTC+02:00,2026-08-14 13:17:41.2 UTC+02:00,1,1.0,1.1,,,,-5.70190546,43.57011347,156.563,26330.312,XIXO3M,SC global,10,8,7,8,0,Reach RS3,824349ADB8F8C4C3,
330,,,,,,,-5.38368549,43.51943279,53.514,Global,3.0,0.013,0.013,0.013,0.018,1.934,m,FIX,RTK,2026-08-14 13:17:49.8 UTC+02:00,2026-08-14 13:17:49.8 UTC+02:00,1,1.0,1.1,,,,-5.70190546,43.57011347,156.563,26327.453,XIXO3M,SC global,10,8,7,9,0,Reach RS3,824349ADB8F8C4C3,
331,,,,,,,-5.38381566,43.51952272,53.495,Global,0.6,0.012,0.012,0.011,0.017,1.934,m,FIX,RTK,2026-08-14 13:18:23.4 UTC+02:00,2026-08-14 13:18:23.4 UTC+02:00,1,1.0,1.2,,,,-5.70190546,43.57011347,156.563,26314.942,XIXO3M,SC global,10,8,7,9,0,Reach RS3,824349ADB8F8C4C3,
332,,,,,,,-5.38392473,43.51956657,53.488,Global,9.3,0.019,0.019,0.020,0.028,1.934,m,FIX,RTK,2026-08-14 13:18:36.6 UTC+02:00,2026-08-14 13:18:36.6 UTC+02:00,1,1.0,1.2,,,,-5.70190546,43.57011347,156.563,26305.524,XIXO3M,SC global,10,8,7,9,0,Reach RS3,824349ADB8F8C4C3,
333,,,,,,,-5.38396390,43.51958338,53.583,Global,5.1,0.013,0.013,0.012,0.018,1.934,m,FIX,RTK,2026-08-14 13:19:05.4 UTC+02:00,2026-08-14 13:19:05.4 UTC+02:00,1,1.0,1.2,,,,-5.70190546,43.57011347,156.563,26301.804,XIXO3M,SC global,10,8,7,9,0,Reach RS3,824349ADB8F8C4C3,
334,,,,,,,-5.38400220,43.51958676,54.059,Global,5.6,0.013,0.013,0.013,0.019,1.934,m,FIX,RTK,2026-08-14 13:19:11.8 UTC+02:00,2026-08-14 13:19:11.8 UTC+02:00,1,1.0,1.2,,,,-5.70190546,43.57011347,156.563,26298.832,XIXO3M,SC global,10,8,7,9,0,Reach RS3,824349ADB8F8C4C3,
335,,,,,,,-5.38403531,43.51964863,53.849,Global,3.5,0.013,0.013,0.013,0.019,1.934,m,FIX,RTK,2026-08-14 13:19:22.8 UTC+02:00,2026-08-14 13:19:22.8 UTC+02:00,1,1.0,1.2,,,,-5.70190546,43.57011347,156.563,26294.655,XIXO3M,SC global,10,8,7,9,0,Reach RS3,824349ADB8F8C4C3,
336,,,,,,,-5.38409248,43.51973205,53.645,Global,1.9,0.013,0.013,0.012,0.018,1.934,m,FIX,RTK,2026-08-14 13:19:37.4 UTC+02:00,2026-08-14 13:19:37.4 UTC+02:00,1,1.0,1.2,,,,-5.70190546,43.57011347,156.563,26288.093,XIXO3M,SC global,10,8,7,7,0,Reach RS3,824349ADB8F8C4C3,
337,,,,,,,-5.38419950,43.51980407,53.464,Global,0.7,0.012,0.012,0.011,0.018,1.934,m,FIX,RTK,2026-08-14 13:19:55.8 UTC+02:00,2026-08-14 13:19:55.8 UTC+02:00,1,1.1,1.2,,,,-5.70190546,43.57011347,156.563,26277.913,XIXO3M,SC global,10,8,7,7,0,Reach RS3,824349ADB8F8C4C3,
338,,,,,,,-5.38425490,43.51982688,53.887,Global,6.0,0.013,0.013,0.013,0.019,1.934,m,FIX,RTK,2026-08-14 13:20:04.2 UTC+02:00,2026-08-14 13:20:04.2 UTC+02:00,1,1.0,1.2,,,,-5.70190546,43.57011347,156.563,26273.144,XIXO3M,SC global,10,8,7,8,0,Reach RS3,824349ADB8F8C4C3,
339,,,,,,,-5.38433599,43.51988925,53.883,Global,4.5,0.013,0.013,0.013,0.019,1.934,m,FIX,RTK,2026-08-14 13:20:18.0 UTC+02:00,2026-08-14 13:20:18.0 UTC+02:00,1,1.1,1.2,,,,-5.70190546,43.57011347,156.563,26265.040,XIXO3M,SC global,10,8,7,8,0,Reach RS3,824349ADB8F8C4C3,
340,,,,,,,-5.38431007,43.51990868,53.131,Global,8.9,0.016,0.016,0.016,0.022,1.934,m,FIX,RTK,2026-08-14 13:20:25.8 UTC+02:00,2026-08-14 13:20:25.8 UTC+02:00,1,1.1,1.2,,,,-5.70190546,43.57011347,156.563,26266.816,XIXO3M,SC global,10,8,7,8,0,Reach RS3,824349ADB8F8C4C3,
341,,,,,,,-5.38448317,43.52007096,52.962,Global,5.1,0.013,0.013,0.012,0.018,1.934,m,FIX,RTK,2026-08-14 13:20:57.8 UTC+02:00,2026-08-14 13:20:57.8 UTC+02:00,1,1.1,1.3,,,,-5.70190546,43.57011347,156.563,26249.271,XIXO3M,SC global,9,8,7,10,0,Reach RS3,824349ADB8F8C4C3,
342,,,,,,,-5.38451771,43.52012271,52.859,Global,5.3,0.014,0.014,0.016,0.020,1.934,m,FIX,RTK,2026-08-14 13:21:09.4 UTC+02:00,2026-08-14 13:21:09.4 UTC+02:00,1,1.2,1.4,,,,-5.70190546,43.57011347,156.563,26245.200,XIXO3M,SC global,9,8,7,10,0,Reach RS3,824349ADB8F8C4C3,
343,,,,,,,-5.38456040,43.52022689,52.718,Global,6.8,0.014,0.014,0.014,0.020,1.934,m,FIX,RTK,2026-08-14 13:21:29.6 UTC+02:00,2026-08-14 13:21:29.6 UTC+02:00,1,1.0,1.2,,,,-5.70190546,43.57011347,156.563,26239.472,XIXO3M,SC global,9,8,7,10,0,Reach RS3,824349ADB8F8C4C3,
344,,,,,,,-5.38457124,43.52028167,52.672,Global,3.0,0.013,0.013,0.012,0.018,1.934,m,FIX,RTK,2026-08-14 13:22:05.0 UTC+02:00,2026-08-14 13:22:05.0 UTC+02:00,1,1.0,1.2,,,,-5.70190546,43.57011347,156.563,26237.131,XIXO3M,SC global,9,8,7,10,0,Reach RS3,824349ADB8F8C4C3,
345,,,,,,,-5.38438302,43.52053279,52.597,Global,4.2,0.013,0.013,0.012,0.018,1.934,m,FIX,RTK,2026-08-14 13:22:56.6 UTC+02:00,2026-08-14 13:22:56.6 UTC+02:00,1,1.1,1.3,,,,-5.70190546,43.57011347,156.563,26245.997,XIXO3M,SC global,10,8,7,9,0,Reach RS3,824349ADB8F8C4C3,
346,,,,,,,-5.38432705,43.52057767,52.635,Global,2.3,0.012,0.012,0.011,0.017,1.934,m,FIX,RTK,2026-08-14 13:25:01.0 UTC+02:00,2026-08-14 13:25:01.0 UTC+02:00,1,1.1,1.2,,,,-5.70190546,43.57011347,156.563,26249.447,XIXO3M,SC global,10,8,7,8,0,Reach RS3,824349ADB8F8C4C3,
347,,,,,,,-5.38425546,43.52065687,52.694,Global,1.8,0.013,0.013,0.012,0.018,1.934,m,FIX,RTK,2026-08-14 13:25:24.4 UTC+02:00,2026-08-14 13:25:24.4 UTC+02:00,1,1.1,1.2,,,,-5.70190546,43.57011347,156.563,26253.241,XIXO3M,SC global,9,8,7,7,0,Reach RS3,824349ADB8F8C4C3,
348,,,,,,,-5.38416236,43.52079297,52.737,Global,5.5,0.013,0.013,0.013,0.019,1.934,m,FIX,RTK,2026-08-14 13:25:48.4 UTC+02:00,2026-08-14 13:25:48.4 UTC+02:00,1,1.0,1.2,,,,-5.70190546,43.57011347,156.563,26257.353,XIXO3M,SC global,10,8,7,9,0,Reach RS3,824349ADB8F8C4C3,
349,,,,,,,-5.38394671,43.52097900,52.870,Global,7.2,0.013,0.013,0.013,0.019,1.934,m,FIX,RTK,2026-08-14 13:26:22.4 UTC+02:00,2026-08-14 13:26:22.4 UTC+02:00,1,1.0,1.2,,,,-5.70190546,43.57011347,156.563,26270.039,XIXO3M,SC global,9,8,7,8,0,Reach RS3,824349ADB8F8C4C3,
350,,,,,,,-5.38383976,43.52109855,52.608,Global,4.2,0.013,0.013,0.012,0.018,1.934,m,FIX,RTK,2026-08-14 13:26:46.4 UTC+02:00,2026-08-14 13:26:46.4 UTC+02:00,1,1.0,1.2,,,,-5.70190546,43.57011347,156.563,26275.760,XIXO3M,SC global,9,8,7,9,0,Reach RS3,824349ADB8F8C4C3,
351,,,,,,,-5.38377142,43.52124789,52.516,Global,5.7,0.013,0.013,0.014,0.018,1.934,m,FIX,RTK,2026-08-14 13:27:13.4 UTC+02:00,2026-08-14 13:27:13.4 UTC+02:00,1,1.0,1.2,,,,-5.70190546,43.57011347,156.563,26277.796,XIXO3M,SC global,9,8,7,9,0,Reach RS3,824349ADB8F8C4C3,
352,,,,,,,-5.38377221,43.52126118,53.005,Global,2.6,0.012,0.012,0.012,0.018,1.934,m,FIX,RTK,2026-08-14 13:27:19.8 UTC+02:00,2026-08-14 13:27:19.8 UTC+02:00,1,1.0,1.2,,,,-5.70190546,43.57011347,156.563,26277.355,XIXO3M,SC global,9,8,7,10,0,Reach RS3,824349ADB8F8C4C3,
353,,,,,,,-5.38365009,43.52135000,53.070,Global,6.7,0.013,0.013,0.013,0.019,1.934,m,FIX,RTK,2026-08-14 13:27:40.2 UTC+02:00,2026-08-14 13:27:40.2 UTC+02:00,1,1.0,1.2,,,,-5.70190546,43.57011347,156.563,26284.811,XIXO3M,SC global,9,8,7,9,0,Reach RS3,824349ADB8F8C4C3,
354,,,,,,,-5.38347748,43.52143653,52.930,Global,9.6,0.014,0.014,0.014,0.019,1.934,m,FIX,RTK,2026-08-14 13:28:07.2 UTC+02:00,2026-08-14 13:28:07.2 UTC+02:00,1,1.0,1.2,,,,-5.70190546,43.57011347,156.563,26296.412,XIXO3M,SC global,9,8,7,9,0,Reach RS3,824349ADB8F8C4C3,
355,,,,,,,-5.38317231,43.52148917,52.540,Global,5.9,0.013,0.013,0.013,0.019,1.934,m,FIX,RTK,2026-08-14 13:28:46.2 UTC+02:00,2026-08-14 13:28:46.2 UTC+02:00,1,1.0,1.2,,,,-5.70190546,43.57011347,156.563,26319.418,XIXO3M,SC global,9,8,7,9,0,Reach RS3,824349ADB8F8C4C3,
356,,,,,,,-5.38290218,43.52159238,52.462,Global,8.4,0.017,0.017,0.017,0.024,1.934,m,FIX,RTK,2026-08-14 13:29:16.2 UTC+02:00,2026-08-14 13:29:16.2 UTC+02:00,1,1.0,1.2,,,,-5.70190546,43.57011347,156.563,26338.361,XIXO3M,SC global,9,8,7,9,0,Reach RS3,824349ADB8F8C4C3,
357,,,,,,,-5.38272686,43.52168697,52.415,Global,5.2,0.014,0.014,0.013,0.020,1.934,m,FIX,RTK,2026-08-14 13:29:40.6 UTC+02:00,2026-08-14 13:29:40.6 UTC+02:00,1,1.0,1.2,,,,-5.70190546,43.57011347,156.563,26350.143,XIXO3M,SC global,10,8,7,9,0,Reach RS3,824349ADB8F8C4C3,
358,,,,,,,-5.38263899,43.52175883,52.563,Global,0.9,0.012,0.012,0.011,0.017,1.934,m,FIX,RTK,2026-08-14 13:29:58.8 UTC+02:00,2026-08-14 13:29:58.8 UTC+02:00,1,1.0,1.2,,,,-5.70190546,43.57011347,156.563,26355.622,XIXO3M,SC global,8,8,7,9,0,Reach RS3,824349ADB8F8C4C3,
359,,,,,,,-5.38248252,43.52185918,52.534,Global,10.9,0.014,0.014,0.015,0.020,1.934,m,FIX,RTK,2026-08-14 13:30:33.4 UTC+02:00,2026-08-14 13:30:33.4 UTC+02:00,1,1.0,1.2,,,,-5.70190546,43.57011347,156.563,26365.330,XIXO3M,SC global,9,8,7,9,0,Reach RS3,824349ADB8F8C4C3,
360,,,,,,,-5.38233663,43.52193628,52.668,Global,9.2,0.014,0.014,0.014,0.020,1.934,m,FIX,RTK,2026-08-14 13:30:53.4 UTC+02:00,2026-08-14 13:30:53.4 UTC+02:00,1,1.0,1.2,,,,-5.70190546,43.57011347,156.563,26375.267,XIXO3M,SC global,9,8,7,9,0,Reach RS3,824349ADB8F8C4C3,
361,,,,,,,-5.38224627,43.52195042,52.939,Global,6.6,0.015,0.015,0.015,0.022,1.934,m,FIX,RTK,2026-08-14 13:31:09.8 UTC+02:00,2026-08-14 13:31:09.8 UTC+02:00,1,1.0,1.2,,,,-5.70190546,43.57011347,156.563,26382.091,XIXO3M,SC global,9,8,7,9,0,Reach RS3,824349ADB8F8C4C3,
362,,,,,,,-5.38218406,43.52195253,53.357,Global,10.3,0.016,0.016,0.016,0.023,1.934,m,FIX,RTK,2026-08-14 13:31:17.8 UTC+02:00,2026-08-14 13:31:17.8 UTC+02:00,1,1.0,1.2,,,,-5.70190546,43.57011347,156.563,26386.837,XIXO3M,SC global,9,8,7,9,0,Reach RS3,824349ADB8F8C4C3,
363,,,,,,,-5.38205005,43.52196039,53.595,Global,8.4,0.014,0.014,0.014,0.020,1.934,m,FIX,RTK,2026-08-14 13:31:42.0 UTC+02:00,2026-08-14 13:31:42.0 UTC+02:00,1,1.0,1.2,,,,-5.70190546,43.57011347,156.563,26397.342,XIXO3M,SC global,9,8,7,10,0,Reach RS3,824349ADB8F8C4C3,
364,,,,,,,-5.38185570,43.52190348,53.942,Global,11.5,0.015,0.015,0.016,0.021,1.934,m,FIX,RTK,2026-08-14 13:32:06.8 UTC+02:00,2026-08-14 13:32:06.8 UTC+02:00,1,1.0,1.2,,,,-5.70190546,43.57011347,156.563,26414.026,XIXO3M,SC global,9,8,7,9,0,Reach RS3,824349ADB8F8C4C3,
