record,scenes,pixels,n_px,tau_min,flat_lo,flat_hi,nll_curvature
all scenes,464,band 7 (MAREA's),1200,10.0,5.0,10.0,1.5915711472528609
all scenes,464,within 1 km of the gauge,1143,10.0,10.0,10.0,0.9519389953041862
all scenes,464,within 2 km of the gauge,1200,5.0,5.0,5.0,1.3363257454846607
all scenes,464,within 3 km of the gauge,1200,10.0,5.0,10.0,1.3672946880562917
all scenes,464,within 5 km of the gauge,1200,10.0,10.0,10.0,1.4283355732056136
transition-zone rule,66,band 7 (MAREA's),1200,10.0,10.0,10.0,1.5804360547217744
transition-zone rule,66,within 1 km of the gauge,1143,5.0,0.0,5.0,0.9193481012944946
transition-zone rule,66,within 2 km of the gauge,1200,5.0,5.0,5.0,1.2693386084397646
transition-zone rule,66,within 3 km of the gauge,1200,10.0,10.0,10.0,1.3848689020402052
transition-zone rule,66,within 5 km of the gauge,1200,10.0,10.0,10.0,1.4293512520717937
